keyword,priority,difficulty,search_volume,intent,category,notes
accountant for solicitors,1,45,1200,transactional,Core Service,Primary target keyword - service seeking
solicitor accountant,1,42,1000,transactional,Core Service,Direct service query
law firm accountant,1,44,900,transactional,Core Service,Broader firm-level query
SRA accounts rules compliance,1,42,800,informational,SRA Compliance & Trust Accounting,Critical regulatory need
solicitor trust accounting,1,40,500,informational,SRA Compliance & Trust Accounting,Core compliance topic
what does a solicitor accountant do,2,25,300,informational,Core Service,Educational foundational content
solicitor accountant cost,2,35,600,informational,Core Service,High-intent cost research
best accountant for solicitors,2,40,700,transactional,Core Service,Comparison intent
solicitor accountant near me,2,43,800,transactional,Core Service,Local search high intent
law firm accounting services,2,38,500,transactional,Core Service,Service listing query
client money accounting solicitors,2,38,400,informational,SRA Compliance & Trust Accounting,Client money rules
SRA accountants report,2,36,350,informational,SRA Compliance & Trust Accounting,Annual report requirement
solicitor self assessment,2,38,1100,informational,Sole Practitioner Tax,Core tax filing
solicitor tax return,2,37,800,informational,Sole Practitioner Tax,Tax return process
LLP conversion tax,2,44,450,informational,Partnership & LLP Accounting,Structure change implications
law firm partnership tax,2,42,600,informational,Partnership & LLP Accounting,Partnership taxation
VAT on legal services,2,39,600,informational,VAT & Compliance,VAT treatment guide
law firm cash flow management,2,38,400,informational,Practice Finance & Cash Flow,Cash flow optimization
law firm valuation,2,46,550,informational,Practice Succession & Sale,Practice valuation guide
solicitor practice sale,2,44,450,informational,Practice Succession & Sale,Exit strategy content
solicitor accountant fees,3,32,400,informational,Core Service,Fee structure inquiry
how to find a solicitor accountant,3,22,200,informational,Core Service,Selection guide
law firm bookkeeping services,3,36,350,informational,Core Service,Bookkeeping specific
solicitor client account reconciliation,3,35,300,informational,SRA Compliance & Trust Accounting,Reconciliation process
COFA responsibilities accounting,3,33,200,informational,SRA Compliance & Trust Accounting,COFA role guidance
solicitor expenses claims,3,32,500,informational,Sole Practitioner Tax,Allowable expenses
sole practitioner solicitor tax,3,36,600,informational,Sole Practitioner Tax,Sole trader taxation
solicitor allowable expenses,3,30,400,informational,Sole Practitioner Tax,Expense deductions
LLP vs partnership tax,3,41,500,informational,Partnership & LLP Accounting,Structure comparison
solicitor partnership accounting,3,39,400,informational,Partnership & LLP Accounting,Partnership accounts
partner profit allocation,3,37,280,informational,Partnership & LLP Accounting,Profit sharing
LLP member taxation,3,40,300,informational,Partnership & LLP Accounting,LLP tax treatment
solicitor VAT accounting,3,37,400,informational,VAT & Compliance,VAT compliance
disbursements VAT treatment,3,36,350,informational,VAT & Compliance,Disbursement rules
counsel fees VAT,3,35,300,informational,VAT & Compliance,Counsel VAT treatment
VAT registration solicitors,3,33,250,informational,VAT & Compliance,Registration threshold
solicitor practice working capital,3,36,300,informational,Practice Finance & Cash Flow,Working capital management
law firm lock-up reduction,3,35,250,informational,Practice Finance & Cash Flow,Lock-up optimization
law firm debt management,3,34,200,informational,Practice Finance & Cash Flow,Debt strategy
law firm goodwill valuation,3,43,350,informational,Practice Succession & Sale,Goodwill calculation
solicitor practice valuation,3,45,400,informational,Practice Succession & Sale,Valuation methods
partner retirement planning,3,40,280,informational,Practice Succession & Sale,Retirement strategy
law firm succession planning,3,42,320,informational,Practice Succession & Sale,Succession process
making tax digital solicitors,3,39,450,informational,Structure & Incorporation,MTD compliance
MTD for income tax solicitors,3,37,350,informational,Structure & Incorporation,MTD income tax
basis period reform law firms,3,40,200,informational,Structure & Incorporation,Basis period changes
Xero for solicitors,3,36,400,transactional,Core Service,Xero integration
LEAP accounting integration,3,34,250,informational,Core Service,LEAP integration
law firm accounting software,3,40,500,transactional,Core Service,Software comparison
solicitor accountant london,3,42,800,transactional,Core Service,London market
law firm accountant manchester,3,40,500,transactional,Core Service,Manchester market
solicitor accountant birmingham,3,39,400,transactional,Core Service,Birmingham market
law firm accountant leeds,3,38,300,transactional,Core Service,Leeds market
solicitor accountant bristol,3,37,250,transactional,Core Service,Bristol market
law firm payroll services,3,36,350,transactional,Core Service,Payroll outsourcing
solicitor practice finance options,3,36,180,informational,Practice Finance & Cash Flow,Financing guide
law firm cash flow forecasting,3,37,220,informational,Practice Finance & Cash Flow,Forecasting guide
solicitor practice exit strategy,3,41,200,informational,Practice Succession & Sale,Exit planning
law firm drawings vs profit,3,35,220,informational,Partnership & LLP Accounting,Drawings explanation
sole practitioner tax deductions,3,28,350,informational,Sole Practitioner Tax,Deduction guide
solicitor professional fees tax,3,26,250,informational,Sole Practitioner Tax,Professional fees
law firm benchmarking UK,3,40,280,informational,Practice Finance & Cash Flow,KPI benchmarking
solicitor practice management software,3,38,350,transactional,Core Service,Practice management
LLP employer NI 2026,3,42,150,informational,Structure & Incorporation,Potential tax change
law firm profit extraction,3,38,200,informational,Partnership & LLP Accounting,Profit extraction strategies
