Keyword,Difficulty,"Search vol.","Search intent","SERP features",Relevance,CPC,Competition
"ppc agency",42,3200,"L, C","Local pack, Reviews, Video, People also ask, AI Overview",,14.29,0.28
"pay per click management service",17,590,I,"Reviews, Video, People also ask, AI Overview, Related searches",15,8.09,0.08
"ppc consultancy",12,590,"L, C","Local pack, Reviews, Video, People also ask, Related searches",21,9.85,0.49
"ppc consultant",13,590,"L, C","Reviews, Video, People also ask, GBP, AI Overview, Related searches",12,9.85,0.49
"ppc management uk",21,590,I,"Reviews, Video, AI Overview, Related searches",39,8.73,0.14
"ppc services uk",28,590,"L, C","Local pack, Reviews, Video, People also ask, Related searches",45,8.73,0.14
"ppc marketing company",21,590,"L, C","Local pack, Reviews, Video, AI Overview, Related searches",62,25.33,0.11
"pay per click management services",13,590,I,"Reviews, Video, AI Overview, Related searches",28,8.09,0.08
"ppc advertising management services",13,590,I,"Reviews, Video, AI Overview, Related searches",14,8.09,0.08
"pay-per-click management services",17,590,I,"Reviews, Video, AI Overview, Related searches",25,8.09,0.08
"ppc services in uk",29,590,"L, C","Local pack, Reviews, Video, AI Overview, Related searches, Middle Ads",58,8.73,0.14
"ppc marketing companies",24,590,"L, C","Local pack, Reviews, Video, People also ask, AI Overview, Related searches",49,25.33,0.11
"ppc service uk",17,590,I,"Reviews, Video, People also ask, AI Overview, Related searches",52,8.73,0.14
"pay per click marketing agency",21,590,"L, C","Local pack, Reviews, People also ask, AI Overview, Related searches",47,25.33,0.11
"ppc specialists",17,590,I,"Reviews, Video, People also ask, AI Overview, Related searches",17,11.61,0.3
"ppc ad management services",11,590,I,"Reviews, Video, People also ask, AI Overview, Related searches",25,8.09,0.08
"marketing agency ppc",19,590,"L, C","Local pack, Reviews, Video, Related searches",64,25.33,0.11
"pay per click ppc management services",15,590,"L, C","Local pack, Reviews, Video, People also ask, AI Overview, Related searches",20,8.09,0.08
"pay per click experts",24,480,"L, C","Local pack, Reviews, Video, Related searches",20,11.97,0.23
"ppc expert",21,480,I,"Reviews, Video, People also ask, Images, Related searches",7,11.97,0.23
"ppc experts",15,480,I,"Reviews, Video, People also ask, AI Overview, Related searches",15,11.97,0.23
"pay per click campaign management",16,480,I,"Reviews, Video, People also ask, AI Overview, Related searches",7,10.1,0.13
"google ppc agency",17,480,I,"Reviews, Video, Related searches",12,17.92,0.08
"managed ppc campaigns",9,480,I,"Reviews, People also ask, AI Overview, Related searches",7,10.1,0.13
"google ppc agencies",24,480,I,"Reviews, Video, AI Overview, Related searches",18,17.92,0.08
"ppc nottingham",4,390,I,"Reviews, People also ask, AI Overview, Related searches",7,18.29,0.05
"ppc marketing agency",22,390,"L, C","Local pack, Reviews, Video, People also ask, AI Overview, Related searches",65,20.94,0.1
"best ppc companies",8,390,I,"Reviews, Video, People also ask, AI Overview",26,12.36,0.13
"best ppc company",12,390,"L, C","Local pack, Reviews, Video, People also ask, AI Overview, Related searches",23,12.36,0.13
"top ppc agencies",8,390,I,"Reviews, Video, People also ask, AI Overview, Related searches",26,12.36,0.13
"best ppc agencies",14,390,"L, C","Local pack, Reviews, Video, People also ask, AI Overview, Sites",20,12.36,0.13
"ppc advertising firm",19,390,"L, C","Local pack, Reviews, Video, People also ask, Related searches",56,20.94,0.1
"best ppc agency",18,390,I,"Reviews, Video, People also ask, AI Overview, Related searches, Sites",29,12.36,0.13
"ppc services packages",11,390,I,"Reviews, Video, People also ask, AI Overview, Related searches",7,6.06,0.06
"best ppc management agencies",5,390,I,"Reviews, Video, People also ask, AI Overview, Related searches, Sites",27,12.36,0.13
"google ppc management services",9,390,I,"Reviews, Video, People also ask, AI Overview, Related searches",8,21.6,0.1
"top ppc agency",13,390,"L, C","Local pack, Reviews, Video, People also ask, AI Overview, Related searches",23,12.36,0.13
"pay per click packages",11,390,I,"Reviews, Video, People also ask, AI Overview, Related searches",8,6.06,0.06
"best pay per click agencies",6,390,I,"Reviews, Video, People also ask, AI Overview, Related searches, Sites",23,12.36,0.13
"ppc management nottingham",7,390,I,"Reviews, Video",6,18.29,0.05
"ppc ad company",14,390,"L, C","Local pack, Reviews, Video, People also ask, AI Overview, Related searches",67,20.94,0.1
"ppc services nottingham",4,390,"L, C","Local pack, Reviews, Video, AI Overview, Related searches",7,18.29,0.05
"nottingham ppc",11,390,I,"Reviews, Video, People also ask, AI Overview, Related searches",7,18.29,0.05
"ppc management companies",17,320,I,"Reviews, Video, AI Overview, Related searches",41,10.25,0.09
"ppc management company",17,320,I,"Reviews, Video, People also ask, AI Overview, Related searches",41,10.25,0.09
"pay per click advertising agency",19,320,"L, C","Local pack, Reviews, Video, Related searches",32,19.66,0.12
"ppc marketing services",15,320,I,"Reviews, Video, People also ask, AI Overview, Related searches",37,24.2,0.12
"seo ppc services",26,320,"L, C","Local pack, Reviews, Video, People also ask, AI Overview, Related searches",14,6.95,0.03
"seo ppc companies",34,320,"L, C","Local pack, Reviews, Video, AI Overview, Related searches",35,8.2,0.07
"paid search services",5,320,I,"Reviews, Video, People also ask, AI Overview",7,0,0.03
"seo and ppc agency",34,320,"L, C","Local pack, Reviews, Video, People also ask, AI Overview, Related searches",31,8.2,0.07
"ppc management services london",17,320,"L, C","Local pack, Reviews, Video, People also ask, AI Overview, Related searches",26,11.45,0.05
"pay per click marketing services",21,320,I,"Reviews, AI Overview, Related searches",22,24.2,0.12
"google ads agency near me",9,320,"L, C","Reviews, People also ask, GBP, AI Overview, Related searches",6,8.17,0.13
"ppc ads agency",22,320,"L, C","Local pack, Reviews, Video, Related searches",60,19.66,0.12
"paid media agencies",13,320,"L, C","Local pack, Reviews, Video, Related searches",9,11.58,0.23
"paid media agency",8,320,"L, C","Reviews, Video, GBP, Related searches",6,11.58,0.23
"ppc services london",9,320,"L, C","Local pack, Reviews, Video, Related searches",31,11.45,0.05
"pay per click ads agency",20,320,I,"Reviews, Video, AI Overview, Related searches",47,19.66,0.12
"paid ads agency",12,320,I,"Reviews, Video, People also ask, AI Overview, Related searches",17,9.07,0.27
"ppc marketing service",24,320,I,"Reviews, Video, People also ask, AI Overview, Related searches",42,24.2,0.12
"ppc service london",14,320,"L, C","Local pack, Reviews, Video, People also ask, Related searches",29,11.45,0.05
"london ppc",11,320,I,"Reviews, Video, People also ask, Related searches",20,11.45,0.05
"paid search advertising agency",15,320,I,"Reviews, Video, People also ask, AI Overview, Related searches",28,0,0.03
"paid advertising agency",21,320,"L, C","Local pack, Reviews, Video, Related searches",12,9.07,0.27
"seo ppc service",20,320,"L, C","Local pack, Reviews, Video, People also ask, AI Overview, Related searches",20,6.95,0.03
"paid search ads agency",18,320,I,"Reviews, Video, Related searches",51,0,0.03
"nottingham ppc agency",17,320,"L, C","Local pack, Reviews, Video, Related searches",7,18.49,0.21
"pay-per-click marketing services",16,320,I,"Reviews, Video, AI Overview, Related searches",21,24.2,0.12
"ppc management service london",14,320,"L, C","Reviews, Video, People also ask, GBP, AI Overview, Related searches",36,11.45,0.05
"ppc company",21,290,"L, C","Local pack, Reviews, Video, People also ask, Related searches",24,19.18,0.13
"pay per click london",7,260,"L, C","Local pack, Reviews, People also ask, Related searches",20,16.25,0.06
"pay per click management companies",16,260,"L, C","Local pack, Reviews, Video, People also ask, AI Overview, Related searches",35,0,0.03
"pay per click management company",19,260,"L, C","Local pack, Reviews, Video, People also ask, AI Overview, Related searches",39,0,0.03
"ppc glasgow",9,260,I,"Reviews, People also ask, AI Overview, Related searches",7,6.04,0.14
"ppc company london",15,260,"L, C","Local pack, Reviews, Video, People also ask, Related searches",24,56.25,0.07
"ppc management london",17,260,"L, C","Local pack, Reviews, Video, People also ask, Related searches",29,5.27,0.19
"adwords ppc management",5,260,I,"Reviews, Video, People also ask, AI Overview, Related searches",6,8.07,0.09
"pay per click management london",18,260,"L, C","Local pack, Reviews, AI Overview, Related searches",34,5.27,0.19
"seo ppc agency",41,260,"L, C","Local pack, Reviews, Video, Related searches",31,5.68,0.09
"ppc seo services",24,260,I,"Reviews, Video, People also ask, AI Overview, Related searches",11,0,0
"ppc consultant london",10,260,"L, C","Local pack, Reviews, Video, People also ask, Related searches",18,6.1,0.37
"ppc advertising london",18,260,"L, C","Local pack, Reviews, Video, People also ask, Related searches",29,16.25,0.06
"b2b ppc agency",5,260,I,"Reviews, Video",7,19.31,0.17
"ppc and seo services",18,260,I,"Reviews, Video, People also ask, AI Overview, Related searches",9,0,0
"ppc seo agency",23,260,"L, C","Local pack, Reviews, Video, Related searches",37,5.68,0.09
"ppc companies london",9,260,"L, C","Local pack, Reviews, Video, People also ask, Related searches",34,56.25,0.07
"ppc company in london",18,260,"L, C","Local pack, Reviews, Video, People also ask, Related searches",30,56.25,0.07
"ppc and seo agency",35,260,"L, C","Local pack, Reviews, Video, AI Overview, Related searches",32,5.68,0.09
"pay per click advertising london",23,260,I,"Reviews, Video, People also ask, AI Overview, Related searches",24,16.25,0.06
"ppc pay per click london",16,260,I,"Reviews, People also ask, AI Overview, Related searches",21,16.25,0.06
"ppc companies in london",18,260,"L, C","Local pack, Reviews, Video, People also ask, Related searches",37,56.25,0.07
"pay per click in london",7,260,I,"Reviews, People also ask, AI Overview, Related searches",19,16.25,0.06
"ppc london",11,210,"L, N","Reviews, Sitelinks, GBP, Related searches",22,4.1,0.21
"ppc service",28,210,I,"Reviews, Video, People also ask, AI Overview, Related searches",22,19.46,0.21
"ppc services",18,210,"L, C","Local pack, Reviews, Video, People also ask, AI Overview, Related searches",30,19.46,0.21
"paid search management",17,210,I,"Reviews, Video, People also ask, AI Overview, Related searches",7,0,0.02
"paid search agency",14,210,I,"Reviews, People also ask, AI Overview, Related searches",42,18.28,0.08
"pay per click specialists",22,210,I,"Reviews, Video, People also ask, AI Overview, Related searches",9,0,0.02
"ppc campaign management services",13,210,I,"Reviews, Video, People also ask, AI Overview, Related searches",25,15.86,0.06
"ppc advertising uk",23,210,I,"Reviews, Video, AI Overview, Related searches",44,8.11,0.06
"paid search marketing agency",23,210,I,"Reviews, Video, People also ask, AI Overview, Related searches",17,0,0
"ppc agency hertfordshire",4,210,"L, C","Local pack, Reviews, Video",6,6.53,0.16
"paid search marketing agencies",24,210,I,"Reviews, Video, AI Overview, Related searches",47,0,0
"pay per click services uk",22,210,I,"Reviews, Video, People also ask, AI Overview, Related searches",32,0,0.01
"paid search agencies",13,210,I,"Reviews, Video, AI Overview, Related searches",41,18.28,0.08
"pay per click uk",6,210,I,"Reviews, Video, People also ask, AI Overview, Related searches",11,8.11,0.06
"pay per click advertising uk",16,210,I,"Reviews, Video, People also ask, AI Overview, Related searches",27,8.11,0.06
"uk pay per click advertising",15,210,I,"Reviews, Video, People also ask, Bottom Ads, AI Overview, Related searches",13,8.11,0.06
"ppc remarketing agency",4,210,I,"Reviews, Video, People also ask, AI Overview",18,0,0.14
"ppc management services uk",12,210,I,"Reviews, Video, People also ask, AI Overview, Related searches",42,0,0.01
"pay per click united kingdom",18,210,I,"Reviews, Video, People also ask, AI Overview",10,8.11,0.06
"e-commerce ppc agency",11,180,I,"Reviews, Related searches",7,15.37,0.27
"ppc consultants",16,170,"L, C","Local pack, Reviews, Video, People also ask, Related searches",22,6.14,0.1
"pay per click consultant",17,170,"L, C","Local pack, Reviews, Video, People also ask, AI Overview, Related searches",23,0,0.07
"ppc consulting",11,170,"L, C","Local pack, Reviews, Video, People also ask, AI Overview, Related searches",8,6.14,0.1
"adwords management agency",9,170,"L, C","Local pack, Reviews, Video, People also ask, AI Overview, Related searches",8,0,0.07
"ppc advertising websites",24,170,I,"Reviews, Video, People also ask, AI Overview, Related searches",8,3.75,0.11
"google ppc services",15,170,I,"Reviews, Video, People also ask, AI Overview, Related searches",6,23.21,0.04
"ppc services for small business",11,170,"L, C","Local pack, Reviews, Video, People also ask, Bottom Ads, Related searches",10,2.34,0.15
"best ppc agency uk",14,170,"L, C","Local pack, Reviews, People also ask, AI Overview, Related searches",36,20.25,0.09
"paid advertising services",16,170,"L, C","Local pack, Reviews, Video, People also ask, AI Overview, Related searches",13,19.46,0.11
"paid search marketing services",5,170,I,"Reviews, Video, People also ask, AI Overview",18,0,0
"paid search agency london",19,170,"L, C","Local pack, Reviews, Related searches",24,7.68,0.07
"ppc geeks",17,170,"L, C","Reviews, Video, People also ask, GBP, Related searches",8,4.57,0.47
"ppc websites",28,170,I,"Reviews, Video, People also ask, AI Overview, Related searches",7,3.75,0.11
"ppc agency services",21,170,"L, C","Local pack, Reviews, Video, People also ask, AI Overview, Related searches",62,0,0.02
"ppc services agency",14,170,"L, C","Local pack, Reviews, Video, People also ask, AI Overview, Related searches",64,0,0.02
"adwords management companies",14,170,"L, C","Local pack, Reviews, Video, AI Overview, Related searches",8,25.4,0.15
"google ppc service",19,170,I,"Reviews, Video, AI Overview, Related searches",7,23.21,0.04
"best ppc agencies uk",13,170,"L, C","Local pack, Reviews, Video, Related searches",34,20.25,0.09
"ppc agency milton keynes",6,170,"L, C","Reviews, GBP, Related searches",8,0,0.08
"pay per click consultants",17,170,"L, C","Local pack, Reviews, Video, People also ask, AI Overview, Related searches",25,0,0.07
"ppc consult",6,170,I,"Reviews, Video, People also ask, AI Overview, Related searches",6,6.14,0.1
"paid ads services",5,170,I,"Reviews, Video, People also ask, AI Overview, Related searches",26,19.46,0.11
"small business ppc services",5,170,I,"Reviews, Video, People also ask, AI Overview, Related searches",17,2.34,0.15
"pay per click agency newcastle",12,170,"L, C","Local pack, Reviews, Related searches",7,12.96,0.14
"ppc newcastle",6,140,I,"Reviews, People also ask, AI Overview, Related searches",8,3.55,0.43
"pay per click marketing firm",22,140,"L, C","Local pack, Reviews, AI Overview, Related searches",47,0,0
"ppc marketing firm",17,140,"L, C","Local pack, Reviews, Video, People also ask, AI Overview, Related searches",61,0,0
"ppc company manchester",8,140,"L, C","Local pack, Reviews, Video, Related searches",6,0,0.01
"best ppc agency london",26,140,"L, C","Local pack, Reviews, Video, Related searches",30,8.17,0.27
"seo ppc management",25,140,I,"Reviews, Video, People also ask, AI Overview, Related searches",6,0,0
"pay per click marketing company",22,140,"L, C","Local pack, Reviews, People also ask, AI Overview, Related searches",42,0,0
"paid search management agency",18,140,I,"Reviews, Video, AI Overview, Related searches",41,0,0.05
"seo & ppc management",15,140,I,"Reviews, Video, People also ask, AI Overview, Related searches",16,0,0
"pay per click advertising management",10,140,I,"Reviews, Video, People also ask, AI Overview, Related searches",10,7.82,0.04
"pay per click ppc management",16,140,I,"Reviews, Video, People also ask, AI Overview, Related searches",10,7.82,0.04
"managed pay per click",5,140,I,"Reviews, Video, People also ask, AI Overview, Related searches",6,7.82,0.04
"paid search management services",8,140,I,"Reviews, Video, People also ask, AI Overview, Related searches",19,0,0.01
"paid media agency london",15,140,"L, C","Local pack, Reviews, Video, People also ask, Related searches",11,7.43,0.1
"ppc company in manchester",8,140,"L, C","Local pack, Reviews, Video, People also ask, Related searches",6,0,0.01
"ecommerce ppc consultancy",3,140,I,"Reviews, Video, Related searches",7,8.59,0.37
"best pay per click companies",6,110,I,"Reviews, Video, People also ask, AI Overview, Related searches, Sites",24,0,0.03
"ppc norwich",16,110,I,"Reviews, People also ask, Related searches",6,16.24,0.28
"ppc services company",14,110,"L, C","Local pack, Reviews, Video, AI Overview, Related searches",53,0,0
"best ppc advertising companies",9,110,"L, C","Local pack, Reviews, Video, People also ask, AI Overview, Related searches, Sites",21,0,0.03
"top rated ppc companies",9,110,"L, C","Local pack, Reviews, Video, People also ask, AI Overview, Related searches",17,0,0.03
"best ppc marketing company",24,110,"L, C","Local pack, Reviews, Video, People also ask, AI Overview, Related searches, Sites",28,0,0.03
"ppc media",15,110,"L, C","Reviews, Video, People also ask, GBP, Related searches",6,0,0.07
"advertising management services",7,110,"L, C","Local pack, Reviews, Video, People also ask, AI Overview, Related searches",9,3.91,0.27
"ppc marketing agency london",17,110,"L, C","Local pack, Reviews, Video, Related searches",31,0,0
"managed ppc services",14,110,I,"Reviews, Video, People also ask, AI Overview, Related searches",20,0,0.07
"media ppc",29,110,I,"Reviews, Video, People also ask, AI Overview, Related searches",6,0,0.07
"digital marketing agency ppc",30,110,"L, C","Local pack, Reviews, Video, People also ask, AI Overview, Related searches",45,0,0.02
"ppc digital marketing agency",24,110,"L, C","Local pack, Reviews, Video, People also ask, AI Overview, Related searches",65,0,0.02
"saas ppc agency",7,110,I,"Reviews, AI Overview, Related searches",6,14.18,0.53
"ppc agency hampshire",8,110,"L, C","Local pack, Reviews, People also ask, Related searches",6,10.18,0.19
"ppc expert london",13,110,"L, C","Reviews, Video, People also ask, GBP, AI Overview, Related searches",21,8.22,0.46
"best pay-per-click advertising company",5,110,I,"Reviews, Video, People also ask, AI Overview, Related searches, Sites",32,0,0.03
"ecommerce paid search agency",13,110,I,"Reviews, People also ask, AI Overview, Related searches",8,0,0.01
"ecommerce ppc company",8,110,I,"Reviews, Video, People also ask, AI Overview, Related searches",6,0,0.12
"ppc expert in london",16,110,"L, C","Reviews, Video, People also ask, GBP, AI Overview, Related searches",27,8.22,0.46
"b2b paid search agency",11,110,I,"Reviews, AI Overview, Related searches",10,0,0.33
"ppc management milton keynes",6,110,"L, C","Local pack, Reviews, People also ask, AI Overview",10,0,0.02
"ppc company uk",31,90,I,"Reviews, Video, People also ask, AI Overview, Related searches",51,17.56,0.41
"best ppc management company",11,90,I,"Reviews, Video, People also ask, AI Overview, Related searches, Sites",23,0,0
"ppc management firm",15,90,"L, C","Local pack, Reviews, Video, People also ask, AI Overview, Related searches",38,0,0.02
"managed pay per click advertising",11,90,I,"Reviews, Video, People also ask, AI Overview, Related searches",7,0,0.02
"paid search company",11,90,I,"Reviews, Video, AI Overview, Related searches",13,0,0.01
"pay per click service",21,90,I,"Reviews, Video, People also ask, AI Overview, Related searches",18,0,0.1
"best ppc services",14,90,"L, C","Local pack, Reviews, Video, AI Overview, Related searches, Sites",27,8.07,0.06
"best ppc management services",20,90,I,"Reviews, Video, AI Overview, Related searches, Sites",25,8.07,0.06
"ppc campaign management company",17,90,I,"Reviews, Video, People also ask, AI Overview, Related searches",34,21.45,0.15
"ppc campaign services",13,90,I,"Reviews, Video, People also ask, AI Overview, Related searches",42,10.26,0.33
"ppc agency kent",6,90,"L, C","Local pack, Reviews, Video",6,0,0.1
"circus ppc agency",7,90,I,"Reviews, Video, People also ask, Related searches",8,0,0.08
"ppc co uk",31,90,I,"Reviews, People also ask, FAQ, AI Overview, Related searches",19,17.56,0.41
"adwords ppc services",11,90,"L, C","Local pack, Reviews, Video, People also ask, AI Overview, Related searches",15,0,0.01
"pay per click agency kent",7,90,"L, C","Local pack, Reviews, AI Overview",11,0,0.1
"adwords ppc management services",10,90,I,"Reviews, Video, People also ask, AI Overview",16,0,0.01
"google adwords ppc agency",9,90,I,"Reviews, Video, People also ask, AI Overview, Related searches",16,0,0
"ppc agency cambridge",6,90,"L, C","Local pack, Reviews, Video",7,12.49,0.38
"ppc companies uk",16,90,"L, C","Local pack, Reviews, Video, AI Overview, Related searches",48,17.56,0.41
"paid search companies",17,90,I,"Reviews, Video, People also ask, AI Overview, Related searches",32,0,0.01
"best ppc service",13,90,I,"Reviews, Video, AI Overview, Related searches, Sites",32,8.07,0.06
"best ppc management service",11,90,I,"Reviews, Video, People also ask, AI Overview, Sites",26,8.07,0.06
"best pay per click management company",5,90,I,"Reviews, Video, AI Overview",34,0,0
"award winning ppc agency",24,90,"L, C","Local pack, Reviews, Video, AI Overview, Related searches",37,0,0.02
"google ppc advertising agency",16,90,I,"Reviews, Video, People also ask, AI Overview, Related searches",11,0,0
"best ppc management companies",13,90,I,"Reviews, Video, AI Overview, Related searches, Sites",22,0,0
"best pay per click management companies",8,90,I,"Reviews, Video, People also ask, AI Overview, Related searches",27,0,0
"ppc management firms",15,90,"L, C","Local pack, Reviews, Video, AI Overview, Related searches",38,0,0.02
"ppc adwords services",17,90,"L, C","Local pack, Reviews, Video, People also ask, AI Overview, Related searches",32,0,0.01
"google ppc management agency",14,90,I,"Reviews, Video, People also ask, AI Overview, Related searches",17,0,0.01
"top ppc companies",16,70,I,"Reviews, Video, People also ask, AI Overview, Related searches",22,0,0.01
"ppc firm",20,70,"L, C","Local pack, Reviews, Video, People also ask, AI Overview, Related searches",63,0,0.01
"paid search agency uk",12,70,I,"Reviews, AI Overview, Related searches",35,0,0.03
"ppc service providers",11,70,I,"Reviews, Video, People also ask, AI Overview, Related searches",53,0,0.06
"top ppc firms",6,70,I,"Reviews, Video, People also ask, AI Overview, Related searches",18,0,0.01
"affordable ppc services",14,70,"L, C","Local pack, Reviews, Video, People also ask, AI Overview, Related searches",25,0,0
"ppc marketing london",17,70,"L, C","Local pack, Reviews, People also ask, Related searches",26,0,0.17
"ppc service provider",20,70,I,"Reviews, Video, People also ask, AI Overview, Related searches",44,0,0.06
"adwords agency london",21,70,"L, C","Local pack, Reviews, Video, Related searches",11,6.98,0.12
"paid search marketing company",5,70,I,"Reviews, Video, People also ask, AI Overview, Related searches",20,0,0
"ppc services provider",23,70,"L, C","Local pack, Reviews, Video, AI Overview, Related searches",45,0,0.06
"top ppc company",7,70,I,"Reviews, Video, People also ask, AI Overview, Related searches",27,0,0.01
"top pay per click companies",5,70,I,"Reviews, Video, People also ask, AI Overview",24,0,0.01
"international ppc agency",7,70,"L, C","Local pack, Reviews, Video, People also ask, AI Overview, Related searches",35,0,0.05
"ppc freelancer uk",14,70,"L, C","Local pack, Reviews, Video, Related searches",10,5.06,0.24
"ppc adwords management",16,70,I,"Reviews, Video, People also ask, AI Overview, Related searches",8,0,0.18
"paid search marketing companies",19,70,I,"Reviews, Video, People also ask, AI Overview, Related searches",41,0,0
"ppc firms",15,70,"L, C","Local pack, Reviews, Video, People also ask, Bottom Ads, AI Overview, Related searches",36,0,0.01
"pay per click management uk",7,70,I,"Reviews, Video, AI Overview, Related searches",23,0,0
"ppc agency rotherham",3,70,"L, C","Local pack, Reviews, People also ask, AI Overview",11,0,0
"pay-per-click management uk",22,70,I,"Reviews, Video, AI Overview, Related searches",40,0,0
"pay per click company uk",11,70,"L, C","Local pack, Reviews, Video, People also ask, AI Overview, Related searches",36,0,0
"paid media consultancy",5,70,I,"Reviews, Video, People also ask, AI Overview, Related searches",9,0,0.11
"ppc agency bedford",3,70,I,"Reviews, AI Overview",6,17.92,0.28
"ecommerce ppc agency london",12,70,"L, C","Local pack, Reviews, Video, Related searches",22,0,0
"paid media company",8,70,I,"Reviews, Video, People also ask, AI Overview, Related searches",8,0,0.02
"paid media services uk",5,70,I,"Reviews, AI Overview, Related searches",7,0,0
"ppc response",6,50,I,"Reviews, Video, People also ask",6,0,0.06
"ppc marketing consultants",12,50,"L, C","Local pack, Reviews, Video, People also ask, AI Overview, Related searches",27,0,0.04
"ppc digital agency",32,50,"L, C","Local pack, Reviews, Video, People also ask, AI Overview, Related searches",52,0,0.19
"cheap ppc management",11,50,I,"Reviews, Video, People also ask, AI Overview, Related searches",19,0,0
"affordable ppc management",9,50,I,"Reviews, Video, AI Overview, Related searches, Sites",9,0,0
"local ppc management",15,50,"L, C","Local pack, Reviews, Video, AI Overview, Related searches",9,0,0.05
"local ppc company",17,50,"L, C","Local pack, Reviews, Video, People also ask, AI Overview, Related searches",8,0,0.1
"best paid search agencies",6,50,I,"Reviews, Video, People also ask, AI Overview, Related searches, Sites",17,0,0.01
"ppc marketing consultant",18,50,"L, C","Local pack, Reviews, Video, People also ask, AI Overview, Related searches",26,0,0.04
"ppc contractor",6,50,I,"Reviews, Video, People also ask, AI Overview, Related searches",9,3.11,0.14
"ppc services near me",24,50,"L, C","Local pack, Reviews, Video, People also ask, Related searches, Middle Ads",13,19.21,0.24
"travel ppc agency",4,50,I,"Reviews, Video, AI Overview, Related searches",6,8.19,0.21
"small business ppc agency",12,50,"L, C","Local pack, Reviews, Video, People also ask, Related searches",25,7.41,0.17
"paid ads management",4,50,I,"Reviews, Video, People also ask, AI Overview",7,7.19,0.15
"pay per click agency hertfordshire",4,50,"L, C","Local pack, Reviews, Video, Bottom Ads, AI Overview",6,0,0
"seo ppc agency london",24,50,"L, C","Local pack, Reviews, Video, Related searches",22,0,0.01
"top ppc agency london",10,50,"L, C","Local pack, Reviews, Video, AI Overview, Related searches",23,0,0.07
"ppc agency horsham",7,50,I,"Reviews, Related searches",8,0,0
"the ppc people",8,50,"L, N","Reviews, Sitelinks, Video, People also ask, Images, GBP, Related searches",7,3.65,0.16
"paid ad management",9,50,"L, C","Local pack, Reviews, Video, People also ask, AI Overview",11,7.19,0.15
"paid marketing agency",29,50,"L, C","Local pack, Reviews, Video, People also ask, Related searches",11,14.71,0.07
"ppc agency bradford",4,50,"L, C","Local pack, Reviews, Video",8,0,0.18
"ppc agency telford",4,50,I,"Reviews, Related searches",7,0,0
"ppc advertising agency london",15,50,"L, C","Local pack, Reviews, Related searches",31,0,0.07
"google ads ppc agency",13,50,"L, C","Local pack, Reviews, Video, Related searches",15,0,0.03
"ppc expert near me",24,50,I,"Reviews, People also ask, AI Overview, Related searches",28,0,0.12
"recruitment ppc agency",21,50,I,"Reviews, Video, Related searches",13,0,0.02
"local ppc services",23,50,"L, C","Local pack, Reviews, Video, Related searches",7,0,0.05
"local ppc agency",23,50,"L, C","Local pack, Reviews, Video, Related searches",24,0,0.1
"pay per click agency",20,40,"L, C","Local pack, Reviews, Video, AI Overview, Related searches",50,14.29,0.28
"ppc companies",28,40,"L, C","Local pack, Reviews, People also ask, Images, Related searches",22,19.18,0.13
"best ppc",12,40,I,"Reviews, Video, People also ask, AI Overview, Sites",7,11.93,0.56
"ppc agencies",14,40,"L, C","Local pack, Reviews, Video, People also ask, Related searches",53,14.29,0.28
"top ppc",7,40,I,"Reviews, Video, People also ask, AI Overview, Related searches",9,11.93,0.56
"ppc search marketing agency",21,40,I,"Reviews, Video, People also ask, AI Overview, Related searches",27,0,0.01
"ppc best",13,40,I,"Reviews, Video, People also ask, AI Overview, Sites",9,11.93,0.56
"ppc specialist london",8,40,"L, C","Local pack, Reviews, Video, People also ask, AI Overview, Related searches",13,0,1
"seo and ppc agency in london",36,40,"L, C","Local pack, Reviews, Video, Related searches",16,0,0.03
"agency ppc",35,40,I,"Reviews, People also ask, Related searches, Image",29,14.29,0.28
"adwords management uk",7,40,I,"Reviews, Video, People also ask, AI Overview, Related searches",6,0,0
"seo and ppc agency london",36,40,"L, C","Local pack, Reviews, Video, Related searches",15,0,0.03
"ppc companies near me",21,40,"L, C","Local pack, Reviews, People also ask, Related searches",18,11.17,0.13
"ppc near me",21,40,"L, C","Local pack, Reviews, People also ask, AI Overview, Related searches",12,19.78,0.25
"ppc agency for small business",17,40,"L, C","Local pack, Reviews, Video, People also ask, Bottom Ads, AI Overview, Related searches, Sites",30,8.82,0.15
"pay per click. agency",13,40,"L, C","Local pack, Reviews, Video, AI Overview, Related searches",53,14.29,0.28
"click agencies",40,40,I,"Reviews, Video, AI Overview, Related searches",9,2.75,0.13
"ppc agent",18,40,I,"Reviews, Video, People also ask, Bottom Ads, AI Overview, Related searches",44,14.29,0.28
"top rated pay per click",9,40,I,"Reviews, Video, People also ask, Related searches, Sites",9,11.93,0.56
"ppc company staffordshire",9,40,"L, C","Local pack, Reviews, People also ask, AI Overview, Related searches",7,0,0.06
"ppc company near me",21,40,"L, C","Local pack, Reviews, People also ask, Related searches",19,11.17,0.13
"amazon ppc agency london",10,40,"L, C","Local pack, Reviews, People also ask, Related searches",7,0,0.04
"ppc agency south west",8,40,"L, C","Local pack, Reviews, Related searches",7,0,0
"ppc management shropshire",3,40,I,"Reviews, AI Overview",6,0,0.05
"ecommerce ppc management company",8,40,I,"Reviews, Video, AI Overview, Related searches",10,0,0
"ppc management newcastle",4,40,I,"Reviews, People also ask, AI Overview",6,0,0
"ppc agency lichfield",12,40,I,"Reviews, Related searches",6,0,0.03
"ppc agency london",22,30,"L, C","Local pack, Reviews, People also ask, Related searches",26,8.94,0.24
"london ppc agency",22,30,"L, C","Local pack, Reviews, People also ask, Bottom Ads, Related searches, Image",27,8.94,0.24
"best ppc management",8,30,I,"Reviews, Video, People also ask, AI Overview, Related searches, Sites",6,0,0
"cheap ppc services",18,30,"L, C","Local pack, Reviews, Video, People also ask, AI Overview, Related searches",25,0,0
"best ppc manager",5,30,I,"Reviews, Video, People also ask, AI Overview, Related searches, Sites",9,0,0
"top paid search agencies",6,30,I,"Reviews, Video, People also ask, AI Overview, Related searches",11,0,0
"ppc business",28,30,I,"Reviews, Video, People also ask, AI Overview, Related searches",6,7.6,0.53
"outsource ppc services",4,30,I,"Reviews, Video, People also ask, AI Overview",10,0,0.34
"ppc advertising milton keynes",10,30,"L, C","Local pack, Reviews, Video, People also ask, AI Overview, Related searches",12,0,0
"seo ppc consultant",19,30,"L, C","Local pack, Reviews, Video, People also ask, AI Overview, Related searches",10,0,0
"ppc consultant uk",13,30,"L, C","Local pack, Reviews, Video, People also ask, Related searches",22,0,0.23
"adwords ppc agency",13,30,"L, C","Local pack, Reviews, Video, Related searches",17,0,0.02
"ppc agencies london",25,30,"L, C","Local pack, Reviews, Related searches, Image",29,8.94,0.24
"ppc agency dudley",3,30,"L, C","Local pack, Reviews, Video",9,0,0
"ppc agency in london",21,30,"L, C","Local pack, Reviews, People also ask, Related searches, Sites",32,8.94,0.24
"pay per click account management",13,30,I,"Reviews, Video, People also ask, AI Overview, Related searches",9,0,0
"best ppc managers",5,30,I,"Reviews, Video, People also ask, AI Overview, Sites",13,0,0
"pay per click account manager",6,30,I,"Reviews, Video, People also ask, AI Overview, Related searches",6,0,0
"ppc management consulting",16,30,I,"Reviews, Video, People also ask, AI Overview, Related searches",9,0,0
"ppc agency woking",11,30,"L, C","Local pack, Reviews, Related searches",10,0,0
"ppc management consultation",4,30,I,"Reviews, Video, People also ask, AI Overview, Related searches",16,0,0
"ppc agency adwords",13,30,I,"Reviews, Video, People also ask, Related searches",21,0,0.02
"international ppc services",11,30,"L, C","Local pack, Reviews, Video, People also ask",17,0,0
"ppc warrington",3,30,I,"Reviews, Video, People also ask, AI Overview",7,0,0.06
"ppc management agency uk",22,30,"L, C","Local pack, Reviews, AI Overview, Related searches",46,0,0
"paid search london",5,30,I,"Reviews, Video, People also ask, AI Overview, Related searches",10,0,0.26
"ppc agency watford",4,30,"L, C","Local pack, Reviews, Video, Related searches",7,0,0
"paid media advertising agency",8,30,"L, C","Local pack, Reviews, Video, People also ask, AI Overview, Related searches",7,0,0.09
"ppc management consultant",11,30,"L, C","Local pack, Reviews, Video, People also ask, AI Overview, Related searches",18,0,0
"ecommerce ppc management agency",7,30,I,"Reviews, Video, Bottom Ads",16,0,0.04
"seo and ppc agency uk",31,30,"L, C","Local pack, Reviews, Related searches",30,0,0.19
"ppc management service uk",21,30,I,"Reviews, Video, People also ask, AI Overview, Related searches",34,0,0
"ecommerce pay per click agency",9,30,I,"Reviews, Video, AI Overview, Related searches",14,0,0
"ppc management oxfordshire",20,30,I,"Reviews, AI Overview",7,0,0.14
"ppc agency durham",9,30,"L, C","Local pack, Reviews",6,0,0
"ppc management agency",12,20,I,"Reviews, Video, People also ask, AI Overview, Related searches",40,19.29,0.05
"hire ppc expert",13,20,I,"Reviews, Video, People also ask, AI Overview, Related searches",9,0,0
"marketing campaign services",27,20,I,"Reviews, Video, People also ask, Images, AI Overview, Related searches",6,0,0.06
"top ppc management companies",6,20,I,"Reviews, Video, AI Overview, Related searches",18,0,0
"top 10 ppc companies",6,20,I,"Reviews, Video, People also ask, AI Overview, Related searches",14,0,0
"ppc providers",14,20,I,"Reviews, Video, People also ask, AI Overview, Related searches",29,21.41,0.67
"ppc advertising management companies",23,20,I,"Reviews, Video, People also ask, AI Overview, Related searches",45,0,0
"top ppc management agencies",5,20,"L, C","Local pack, Reviews, Video, People also ask, Bottom Ads, AI Overview, Related searches",18,0,0
"ppc campaign companies",27,20,I,"Reviews, Video, People also ask, AI Overview, Related searches",40,0,0
"ppc recruitment agency",19,20,"L, C","Reviews, Video, People also ask, GBP, Related searches",8,0,0.3
"ppc outsource",8,20,I,"Reviews, Video, People also ask, AI Overview",13,0,0
"how to sell ppc services",5,20,I,"Reviews, Video, People also ask, AI Overview, Related searches",10,0,0
"ppc and seo experts",32,20,"L, C","Local pack, Reviews, Video, People also ask, AI Overview, Related searches",9,0,0
"ppc outsourcing",5,20,I,"Reviews, Video, People also ask, AI Overview",7,0,0
"ppc sales",23,20,I,"Reviews, Video, People also ask, Images, AI Overview, Related searches",10,0,0.25
"ppc provider",17,20,I,"Reviews, Video, People also ask, AI Overview, Related searches",51,21.41,0.67
"ppc search engine marketing company",5,20,I,"Reviews, Video, People also ask, AI Overview, Related searches",23,0,0
"ppc agency croydon",5,20,"L, C","Local pack, Reviews",8,17.89,0.51
"ppc agency farnham",7,20,"L, C","Reviews, GBP",16,0,0
"ppc campaign management service",16,20,I,"Reviews, Video, People also ask, AI Overview, Related searches",21,0,0
"ppc agency solihull",9,20,I,"Reviews, Sports, Related searches",6,0,0
"ppc agency walsall",3,20,I,Reviews,7,0,0
"ppc company walsall",7,20,"L, C","Local pack, Reviews, People also ask, Related searches",8,0,0
"ppc agency berkshire",7,20,"L, C","Local pack, Reviews",9,0,0
"best ppc companies uk",13,20,I,"Reviews, Video, People also ask, AI Overview, Related searches, Sites",31,0,0
"ppc agency swindon",9,20,I,"Reviews, Related searches",7,0,0
"paid advertising companies",21,20,"L, C","Local pack, Reviews, Video, People also ask, Related searches",16,19.37,0.6
"managed pay per click campaign",4,20,I,"Reviews, Video, People also ask, AI Overview, Related searches",10,0,0
"managed pay per click campaigns",5,20,I,"Reviews, Video, AI Overview, Related searches",7,0,0
"ppc london agency",16,20,"L, C","Local pack, Reviews, Video, People also ask, Related searches",24,10.28,0.6
"pay per click consultancy",12,20,I,"Reviews, People also ask, Related searches",8,0,0.01
"global ppc agency",5,20,"L, C","Local pack, Reviews, Video, People also ask, Related searches",35,0,0.15
"ppc agency lincoln",18,20,"L, C","Local pack, Reviews, Video, Related searches",9,0,0.12
"ppc agency luton",4,20,I,"Reviews, Video",7,0,0
"ppc agency bromley",4,20,"L, C","Local pack, Reviews, Video",10,0,0
"ppc management services yorkshire",5,20,I,"Reviews, Video, AI Overview",6,0,0
"b2b ppc agency london",16,20,"L, C","Local pack, Reviews, Video, Related searches",16,0,0.1
"ppc lead generation company",10,20,I,"Reviews, Video, People also ask, AI Overview, Related searches",15,0,0
"ppc service hertfordshire",4,20,I,"Reviews, Video, People also ask, AI Overview, Related searches",6,0,0
"ppc services hertfordshire",4,20,I,"Reviews, Video, People also ask, AI Overview, Related searches",8,0,0
"paid media agency uk",25,20,I,"Reviews, Related searches",8,7.11,0.32
"ppc strategy agency",14,20,I,"Reviews, Video, People also ask, Bottom Ads, AI Overview, Related searches",40,0,0.07
"betting ppc agency",27,20,"L, C","Local pack, Reviews, Video, People also ask, Related searches",11,0,0
"google ppc management company",16,20,I,"Reviews, Video, People also ask, AI Overview, Related searches",13,0,0
"multilingual ppc london",4,20,I,"Reviews, Video",9,0,0
"multilingual ppc agency london",9,20,"L, C","Local pack, Reviews",13,0,0
"ppc agency newark",4,20,"L, C","Local pack, Reviews, Video, People also ask, AI Overview",16,0,0
"ppc management agency croydon",3,20,I,"Reviews, People also ask, AI Overview",17,0,0.05
"ppc management wandsworth",12,20,"L, C","Local pack, Reviews, People also ask, AI Overview, Related searches",17,0,0
"ppc marketing near me",18,20,"L, C","Local pack, Reviews, Video, People also ask, Related searches",12,0,0.39
"google pay per click agency",7,20,I,"Reviews, Video, People also ask, AI Overview, Related searches",16,0,0.03
"ppc agency ashby",17,20,I,"Reviews, Video, Related searches",7,0,0
"international paid search agency",6,20,I,"Reviews, People also ask, Bottom Ads, AI Overview",16,0,0
"ppc services midlands",4,20,"L, C","Local pack, Reviews, AI Overview",9,0,0
"adwords management company uk",12,20,I,"Reviews, Video, AI Overview, Related searches",9,0,0
"ecommerce ppc marketing agency",7,20,I,"Reviews, Video, People also ask, AI Overview, Related searches",9,0,0
"paid media marketing services",7,20,I,"Reviews, Video, People also ask, AI Overview, Related searches",9,0,0.02
"seo ppc agency uk",34,20,"L, C","Local pack, Reviews, AI Overview, Related searches",40,0,1
"ppc services oxfordshire",27,20,"L, C","Local pack, Reviews, AI Overview",8,0,0
"ppc agency ni",8,20,"L, C","Local pack, Reviews, People also ask, Related searches",10,0,0
"hire a ppc expert",14,20,I,"Reviews, Video, People also ask, AI Overview, Related searches",9,0,0
"pay per click company london",26,20,"L, C","Local pack, Reviews, Video, AI Overview, Related searches",36,0,0
"pay per click marketing london",18,20,"L, C","Local pack, Reviews, AI Overview, Related searches",24,0,0
"beauty ppc agency",11,20,"L, C","Local pack, Reviews, Video, Related searches",7,0,0
"pay per click companies",21,10,I,"Reviews, Video, People also ask, AI Overview, Related searches",31,19.18,0.13
"pay per click company",27,10,I,"Reviews, Video, People also ask, AI Overview, Related searches",35,19.18,0.13
"pay per click management",33,10,I,"Reviews, Video, AI Overview, Related searches",8,12.49,0.12
"ppc agency uk",30,10,"L, C","Local pack, Reviews, Related searches",51,20.32,0.14
"ppc management service",21,10,I,"Reviews, Video, People also ask, AI Overview, Related searches",21,11.97,0.06
"ppc management services",13,10,I,"Reviews, Video, People also ask, AI Overview, Related searches",23,11.97,0.06
"ppc manchester",9,10,I,"Reviews, People also ask, AI Overview, Related searches",6,16.08,0.12
"ppc marketing agencies",31,10,"L, N","Local pack, Reviews, Sitelinks, People also ask, Top Ads, Bottom Ads, Related searches",20,14.29,0.28
"pay per click management agency",19,10,I,"Reviews, Video, People also ask, Related searches",33,19.29,0.05
"ppc advertising company",21,10,"L, C","Local pack, Reviews, People also ask, Related searches",27,19.18,0.13
"pay per click advertising services",21,10,I,"Reviews, Video, People also ask, AI Overview, Related searches",26,9.82,0.08
"pay per click services",31,10,I,"Reviews, Video, People also ask, Find results on, AI Overview, Related searches",11,9.82,0.08
"ppc advertising agency",19,10,"L, C","Local pack, Reviews, Video, People also ask, Images, Bottom Ads, Related searches",10,19.18,0.13
"ppc advertising companies",18,10,"L, C","Local pack, Reviews, Images, Related searches",10,19.18,0.13
"ppc professionals",20,10,I,"Reviews, Video, People also ask, AI Overview, Related searches",11,0,0.51
"best ppc advertising",13,10,I,"Reviews, Video, AI Overview, Related searches, Sites",9,0,0
"pay per click advertising companies",26,10,I,"Reviews, Video, People also ask, AI Overview, Related searches",41,19.18,0.13
"pay per click advertising company",15,10,I,"Reviews, Video, People also ask, AI Overview, Related searches",39,19.18,0.13
"the best ppc advertising",15,10,I,"Reviews, Video, AI Overview, Related searches",14,0,0
"pay per click solutions",11,10,I,"Reviews, Video, People also ask, AI Overview, Related searches",8,0,0
"ppc managers",12,10,I,"Reviews, Video, People also ask, AI Overview, Related searches",9,12.49,0.12
"ppc advertising services",27,10,I,"Reviews, Video, People also ask, AI Overview, Related searches",46,9.82,0.08
"looking for ppc specialist",8,10,I,"Reviews, Video, People also ask, Related searches",11,0,0
"ppc ad agency",26,10,"L, C","Local pack, Reviews, Video, People also ask, AI Overview, Related searches",59,19.18,0.13
"compare ppc companies",27,10,I,"Reviews, People also ask, Related searches, Image",13,0,0
"the best ppc",15,10,I,"Reviews, Video, People also ask, Bottom Ads, AI Overview, Related searches",8,0,0.21
"the best ppc company",7,10,I,"Reviews, Video, People also ask, AI Overview, Related searches",22,0,0
"professional ppc management",10,10,I,"Reviews, Video, People also ask, AI Overview, Related searches",8,0,0
"top ppc advertisers",12,10,I,"Reviews, Video, People also ask, AI Overview, Related searches, Sites",11,0,0
"ppc management solutions",14,10,I,"Reviews, People also ask, AI Overview, Related searches",11,0,0
"ppc companies list",6,10,I,"Reviews, Video, People also ask, AI Overview, Related searches",29,0,0
"reseller ppc services",17,10,I,"Reviews, People also ask, Images, Related searches",10,0,0
"top ten ppc",25,10,I,"Reviews, People also ask, Images, Related searches, Image",7,0,0
"ppc reseller",7,10,I,"Reviews, Video, People also ask, AI Overview",21,0,0.56
"ppc digital",62,10,I,"Reviews, People also ask, Images, Related searches",10,0,0.17
"ppc management company reviews",6,10,I,"Featured snippets, People also ask, Related searches, Sites",6,0,0
"ppc outsourcing services",6,10,I,"Reviews, Video, People also ask, AI Overview",14,0,0
"ppc software for agencies",28,10,I,"Featured snippets, Reviews, People also ask, Images, Top Ads, Bottom Ads, Related searches",9,10.28,0.83
"ppc manager london",7,10,L,"Reviews, People also ask, Related searches",6,0,0.2
"paid search management company",5,10,I,"Reviews, Video, AI Overview, Related searches",21,0,0
"ppc management agency london",21,10,"L, C","Local pack, Reviews, People also ask, Related searches",26,8.94,0.24
"ecommerce ppc agency",4,10,I,"Reviews, Video, People also ask, Related searches",7,15.37,0.27
"adwords ppc consultant",22,10,"L, C","Reviews, Video, GBP, Related searches",8,0,0
"online ppc management",15,10,I,"Reviews, Video, People also ask, AI Overview, Related searches",11,0,0
"paid ppc",51,10,I,"People also ask, Images, FAQ, Related searches",6,3.75,0.32
"ppc bid management services",10,10,I,"Reviews, Video, People also ask, AI Overview, Related searches",11,0,0
"ppc client",13,10,I,"Reviews, Video, People also ask, AI Overview",6,0,0
"ppc developer",16,10,I,"Reviews, Video, People also ask, AI Overview, Related searches",7,0,0
"ppc in uk",16,10,I,"Reviews, Video, People also ask, AI Overview, Related searches",32,19.22,0.49
"ppc search agency",16,10,I,"Reviews, People also ask, AI Overview, Related searches",34,0,0
"ppc startup",5,10,I,"Reviews, Video, People also ask, AI Overview, Related searches",7,0,0.86
"ppc top",7,10,I,"Reviews, Video, People also ask, AI Overview, Related searches",9,0,0
"the ppc london",15,10,"L, N","Reviews, Sitelinks, People also ask, Images, GBP, Related searches",18,0,0.14
"advertising campaign services",33,10,"L, C","Local pack, Reviews, Video, AI Overview, Related searches",6,0,0.17
"managed ppc",13,10,I,"Reviews, Video, People also ask, AI Overview, Related searches",10,12.49,0.12
"top ppc advertising",7,10,I,"Reviews, Video, People also ask, AI Overview, Related searches",11,0,0
"pay per click management firm",16,10,"L, C","Local pack, Reviews, Video, People also ask, AI Overview, Related searches",37,0,0
"ppc marketing experts",15,10,"L, C","Local pack, Reviews, Video, People also ask, AI Overview, Related searches",20,0,0.86
"resell ppc services",10,10,I,"Reviews, Video, People also ask, AI Overview, Related searches",23,0,0
"need ppc expert",10,10,I,"Reviews, Video, People also ask, AI Overview, Related searches, Sites",20,0,0
"agentie ppc",17,10,I,"Reviews, Video, People also ask, AI Overview, Related searches",26,0,0.79
"ppc agency near me",32,10,"L, C","Local pack, Reviews, People also ask, AI Overview, Related searches",12,19.15,0.09
"pay per click firm",18,10,I,"Reviews, Video, People also ask, AI Overview, Related searches",8,0,0
"ppc reseller company",21,10,I,"Reviews, People also ask, Related searches, Image",10,0,0
"enterprise ppc agency",7,10,"I, N","Reviews, Copyright infringement, AI Overview, Related searches",34,0,0
"ppc agency meaning",12,10,I,"Reviews, Video, People also ask, Find results on, AI Overview",8,0,0.21
"enterprise ppc company",5,10,"I, N","Reviews, Video, People also ask, Copyright infringement, AI Overview, Related searches",9,0,0
"top ppc services",12,10,"L, C","Local pack, Reviews, Video, AI Overview, Related searches",29,0,0
"seo ppc experts",26,10,I,"Reviews, Video, People also ask, AI Overview, Related searches",13,0,0.07
"ppc agencies uk",22,10,"L, C","Local pack, Reviews, Video, People also ask, AI Overview, Related searches",51,20.32,0.14
"ppc agency hammersmith",7,10,"L, C","Local pack, Reviews, People also ask, Images, FAQ",10,0,0
"ppc agency reading",6,10,"L, C","Local pack, Reviews",8,0,0.43
"ppc marketing agency portsmouth",3,10,"L, C","Local pack, Reviews, Video",6,0,0
"ppc estate agents",5,10,"L, C","Reviews, People also ask, Images, GBP, Related searches",8,0,0.86
"ppc agencies near me",25,10,"L, C","Local pack, Reviews, People also ask, Images, Related searches",11,19.15,0.09
"ppc agency east london",11,10,"L, C","Local pack, Reviews, People also ask, Images, Related searches",10,0,0
"ppc agency for startups",14,10,I,"Reviews, People also ask, Top Ads, Bottom Ads, Related searches",13,0,0.14
"paid media management agency",7,10,I,"Reviews, Video, People also ask, AI Overview, Related searches",8,0,0.28
"ppc ads service",23,10,I,"Reviews, Video, AI Overview, Related searches",40,19.46,0.21
"ppc ads services",17,10,"L, C","Local pack, Reviews, Video, AI Overview",38,19.46,0.21
"ppc campaign management agency",15,10,I,"Reviews, Video, AI Overview, Related searches",48,0,0
"ppc services kent",9,10,"L, C","Local pack, Reviews, AI Overview, Related searches",7,0,0
"pay per click near me",17,10,I,"Reviews, People also ask, Related searches",8,0,0.86
"expert ppc management",9,10,I,"Reviews, Video, People also ask, AI Overview",9,0,0
"ppc packages uk",11,10,I,"Reviews, Video, People also ask, AI Overview, Related searches",26,0,0.03
"pay per click agency london",27,10,"L, C","Local pack, Reviews, Video, AI Overview, Related searches",39,8.94,0.24
"ppc ltd uk",11,10,"L, C","Local pack, Reviews, People also ask, Related searches",17,0,0
"hire ppc specialist",12,10,I,"Reviews, Video, AI Overview, Related searches",13,0,0.14
"ppc advertising service",32,10,I,"Reviews, Video, AI Overview, Related searches",40,9.82,0.08
"pay per click agencies",27,10,I,"Reviews, Video, People also ask, AI Overview, Related searches",41,14.29,0.28
"pay per click advertising agencies",19,10,"L, C","Local pack, Reviews, Video, Related searches",48,19.18,0.13
"ppc management agencies",19,10,"L, C","Local pack, Reviews, Video, People also ask, AI Overview, Related searches",54,19.29,0.05
"uk ppc agency",29,10,"L, C","Local pack, Reviews, Video, Related searches",47,20.32,0.14
"ppc management for agencies",16,10,I,"Reviews, Video, AI Overview, Related searches",25,14.29,0.28
"ppc advertising agencies",18,10,"L, C","Local pack, Reviews, Video, People also ask, AI Overview, Related searches",63,19.18,0.13
"pay per click advertising service",16,10,I,"Reviews, Video, People also ask, AI Overview, Related searches",14,9.82,0.08
"pay per click manage",24,10,I,"Reviews, Video, People also ask, AI Overview, Related searches",6,12.49,0.12
"pay per click manager",9,10,I,"Reviews, Video, People also ask, AI Overview, Related searches",9,12.49,0.12
"pay per click managers",18,10,I,"Reviews, Video, People also ask, AI Overview, Related searches",19,12.49,0.12
"pay per click management manchester",8,10,"L, C","Local pack, Reviews, AI Overview, Related searches",6,0,0
"hire ppc manager",5,10,I,"Reviews, Video, People also ask, AI Overview, Related searches",10,0,0.86
"professional ppc agency",17,10,"L, C","Featured snippets, Local pack, Reviews, People also ask, Related searches",16,0,0
"professional ppc services",21,10,"L, C","Local pack, Reviews, Video, AI Overview, Related searches",46,0,0
"ppc ads management",14,10,I,"Reviews, Video, People also ask, AI Overview, Related searches",7,12.49,0.12
"local ppc specialists",14,10,"L, C","Local pack, Reviews, Video, People also ask, AI Overview, Related searches",29,0,0.28
"specialist ppc agency",8,10,"L, C","Local pack, Reviews, Video, People also ask, AI Overview, Related searches",49,0,0
"ppc advertising publisher",11,10,I,"Reviews, Video, People also ask, AI Overview, Related searches",7,0,0.28
"ppc agency for ecommerce",5,10,I,"Reviews, Video, AI Overview, Related searches",8,15.37,0.27
"best ppc advertiser",5,10,I,"Reviews, Video, People also ask, AI Overview, Sites",11,0,0
"saas ppc consultants",4,10,I,"Reviews, People also ask, AI Overview",9,0,0
"ppc agenc",21,10,"L, C","Local pack, Reviews, Video, People also ask, Bottom Ads, AI Overview, Related searches",89,14.29,0.28
"google ads ppc services",12,10,I,"Reviews, Video, People also ask, AI Overview, Related searches",7,0,0
"manchester ppc",8,10,I,"Reviews, Video, People also ask, AI Overview, Related searches",9,16.08,0.12
"ppc agency runcorn",4,10,"L, C","Local pack, Reviews",14,0,0
"ppc agency widnes",4,10,I,Reviews,12,0,0
"pay-per-click services",33,10,I,"Reviews, Video, People also ask, AI Overview, Related searches",12,9.82,0.08
"ppc agency aberdeen",13,10,"L, C","Local pack, Reviews, People also ask, Related searches",8,0,0
"ppc agency brixton",9,10,I,"Reviews, People also ask, Images",6,0,0
"ppc agency kingston",4,10,I,"Reviews, People also ask, Related searches",18,0,0
"ppc agency south london",10,10,I,"Reviews, People also ask, Bottom Ads, Related searches",7,0,0
"pay-per-click management",25,10,I,"Reviews, Video, AI Overview, Related searches",9,12.49,0.12
"ad campaign services",34,10,I,"Reviews, Video, People also ask, Images, AI Overview, Related searches",6,0,0.17
"social media ppc service",4,10,"L, C","Local pack, Reviews, Video, People also ask, AI Overview",24,0,0
"ppc agency england",37,10,I,"Reviews, People also ask, Related searches",23,8.94,0.24
"manufacturing ppc services",5,10,I,"Featured snippets, Reviews, People also ask, Bottom Ads, Related searches, Middle Ads",6,0,0
"restaurant ppc agency",15,10,"L, C","Local pack, Reviews, Video, Related searches",9,0,0
"manufacturing ppc agency",10,10,"L, C","Local pack, Reviews, Video, AI Overview, Related searches",12,0,0.05
"manufacturer ppc agency",17,10,"L, C","Local pack, Reviews, Video, Bottom Ads, AI Overview, Related searches",28,0,0.05
"ppc advertising and management services",17,10,I,"Reviews, Video, People also ask, AI Overview, Related searches",20,0,0.14
"gym ppc agency",4,10,"L, C","Local pack, Reviews, Video, Related searches",6,0,0
"ppc agency west yorkshire",13,10,"L, C","Local pack, Reviews, People also ask, Images, Related searches, Image",7,0,0
"ppc ecommerce agency",11,10,I,"Reviews, Related searches",13,15.37,0.27
"pay per click scotland",4,10,I,"Reviews, People also ask",6,0,0
"pay per click edinburgh",9,10,I,"Featured snippets, Reviews, People also ask, Related searches",7,0,0
"ppc agency in uk",24,10,"L, C","Local pack, Reviews, Images, Related searches",37,20.32,0.14
"pay per click agency manchester",13,10,"L, C","Local pack, Reviews, AI Overview, Related searches",9,15.33,0.26
"best ppc agency manchester",13,10,I,"Reviews, Related searches, Sites",7,0,0.11
"best ppc agency leeds",13,10,"L, C","Local pack, Reviews, People also ask, Related searches",7,0,0
"e commerce ppc agency",11,10,I,"Reviews, Video, AI Overview, Related searches",7,15.37,0.27
"ppc marketing company london",24,10,"L, C","Local pack, Reviews, People also ask, Related searches",27,0,0
"paid advertising agency london",33,10,"L, C","Local pack, Reviews, Related searches",12,0,0
"tech ppc agency",13,10,I,"Images, AI Overview, Related searches",17,0,0.14
"ppc ad services",16,10,I,"Reviews, Video, People also ask, AI Overview, Related searches",21,9.82,0.08
"pay per click ppc services",23,10,I,"Reviews, Video, People also ask, AI Overview, Related searches",8,9.82,0.08
"ppc pay per click services",30,10,I,"Reviews, Video, People also ask, AI Overview, Related searches",9,9.82,0.08
"ppc managed services",21,10,"L, C","Local pack, Reviews, Video, People also ask, AI Overview, Related searches",10,11.97,0.06
"ppc managment services",25,10,I,"Reviews, People also ask, AI Overview, Related searches",17,11.97,0.06
"ppc services south west",5,10,"L, C","Local pack, Reviews, People also ask, AI Overview",13,0,0.07
"ppc agency newham",7,10,"L, C","Local pack, Reviews",14,0,0
"professional services ppc",15,10,"L, C","Local pack, Reviews, Video, People also ask, AI Overview, Related searches",7,0,0
"best ppc company in uk",11,10,"L, C","Local pack, Reviews, Video, People also ask, AI Overview, Related searches",31,0,0
"ppc growth",11,10,I,"Reviews, Video, People also ask, Images, Related searches",6,0,0.33
"ppc company ni",4,10,I,"Reviews, People also ask, AI Overview, Related searches",9,0,0
"reliable ppc services",16,0,I,"Reviews, Video, People also ask, AI Overview, Related searches",29,0,0
"ppc agency barnes",5,0,"L, C","Local pack, Reviews, People also ask, Images",6,0,0
"adwords management agency manchester",9,0,I,"Reviews, People also ask",6,0,0
"targeted ppc management agency",12,0,I,"Reviews, Video, People also ask, AI Overview",37,0,0
"google adwords ppc agency battersea",18,0,"L, C","Local pack, Reviews, Images, Related searches",6,0,0
"ppc agency wimbledon",13,0,I,"Reviews, People also ask",22,0,0
"google ads ppc management wimbledon",4,0,I,Reviews,13,0,0
"ppc management hammersmith",6,0,"L, C","Local pack, Reviews, People also ask",6,0,0
"ppc management reading",4,0,I,"Reviews, People also ask",10,0,0
"ppc company in reading",4,0,I,"Reviews, People also ask",11,0,0
"ppc services for professional services",10,0,I,"Reviews, Video, People also ask, AI Overview, Related searches",27,0,0
"ppc and adwords management",12,0,I,"Reviews, Video, People also ask, AI Overview, Related searches",6,0,0
"pay per click estate agents",4,0,I,"Reviews, People also ask, Related searches",7,0,0
"paid search ppc specialists near me",7,0,"L, C","Local pack, Reviews, Video, People also ask, AI Overview, Related searches",22,0,0
"b2b paid search marketing agency",4,0,I,"Reviews, Video",10,0,0
"hedge fund ppc services",4,0,I,"Reviews, Video, People also ask, AI Overview, Related searches",10,0,0
"ppc service small business",12,0,"L, C","Local pack, Reviews, Video, People also ask, Related searches",16,0,0
"pay per click agency small business",10,0,"L, C","Local pack, Reviews, Video, AI Overview, Related searches, Sites",27,0,0
"ppc services east london",7,0,I,"Reviews, People also ask",7,0,0
"ppc agency for services",25,0,"L, C","Local pack, Reviews, Video, People also ask, AI Overview, Related searches",57,0,0
"paid ads marketing service",12,0,I,"Reviews, Video, People also ask, AI Overview, Related searches",14,0,0
"cheap ppc manager",12,0,I,"Reviews, Video, People also ask, Related searches, Sites",9,0,0
"pay per click ads campaign management agency",26,0,I,"Reviews, People also ask, Related searches, Sites",18,0,0
"pay per click ads campaign management service",11,0,I,"Reviews, Video, AI Overview, Related searches",16,0,0
"pay per click ads campaign management services",13,0,I,"Reviews, Video, People also ask, AI Overview, Related searches",24,0,0
"pay per click ads management agency",35,0,I,"Reviews, People also ask, Related searches",7,0,0
"pay per click ads management service",13,0,I,"Reviews, Video, AI Overview, Related searches",18,0,0
"pay per click ads management services",23,0,I,"Reviews, People also ask, Top Ads, Bottom Ads, Related searches, positions.title.discussions_and_forums",7,0,0
"pay per click ads service",33,0,I,"Featured snippets, Reviews, People also ask, Related searches, Sites",9,0,0
"pay per click ads services",21,0,I,"Reviews, Video, People also ask, AI Overview, Related searches",18,0,0
"ppc ads campaign management agency",21,0,I,"Reviews, People also ask, Top Ads, Bottom Ads, Related searches",15,0,0
"ppc ads campaign management service",29,0,I,"Featured snippets, Reviews, People also ask, Related searches",6,0,0
"ppc ads campaign management services",10,0,I,"Reviews, Video, People also ask, AI Overview",24,0,0
"ppc ads management agency",41,0,I,"Reviews, Related searches",18,0,0
"ppc ads management service",38,0,"I, N","Reviews, Sitelinks, People also ask, Top Ads, Bottom Ads, Related searches",9,0,0
"ppc ads management services",14,0,I,"Reviews, Video, Related searches",12,0,0
"google ads services london",18,0,"L, C","Featured snippets, Reviews, People also ask, GBP, Related searches, Image",6,0,0
"pay per click agency bedfordshire",3,0,"L, C","Featured snippets, Local pack, Reviews, People also ask",11,0,0
"furniture ppc agency",5,0,"L, C","Local pack, Reviews, Video, People also ask, AI Overview, Related searches",7,0,0
"effective paid advertising services",5,0,I,"Reviews, Video, People also ask, AI Overview, Related searches",8,0,0
"expert ppc agency",13,0,"L, C","Local pack, Reviews, Video, People also ask, Related searches",44,0,0
"pay-per-click advertising services uk",19,0,I,"Reviews, Video, People also ask, AI Overview, Related searches, Sites",36,0,0
"pay per click advertising services uk",30,0,I,"Reviews, Video, People also ask, AI Overview, Related searches",40,0,0
"ppc and adwords management service",7,0,I,"Reviews, Video, People also ask, AI Overview",22,0,0
"ppc management londonderry",3,0,I,"Reviews, People also ask, Bottom Ads, AI Overview",14,0,0
"restaurants ppc services",3,0,"L, C","Local pack, Reviews, Video, People also ask, AI Overview",7,0,0
"experienced ppc agency",12,0,"L, C","Local pack, Reviews, Video, Related searches",50,0,0
"london ppc expert",22,0,"L, C","Local pack, Reviews, Top Ads, Bottom Ads, Related searches, Image",16,0,0
"london ppc companies",30,0,"L, C","Local pack, Reviews, People also ask, Related searches",25,0,0
"london ppc specialist",12,0,L,"Reviews, Related searches",11,0,0
"ppc marketing agency swindon",12,0,"L, C","Local pack, Reviews, Video, Bottom Ads",8,0,0
"display and ppc advertising experts",9,0,I,"Featured snippets, Reviews, People also ask, Related searches",10,0,0
"ppc agency for pharma",5,0,I,"Reviews, People also ask",6,0,0
"ppc campaigns uk",38,0,I,"Reviews, People also ask, Related searches",13,0,0
"ppc optimization uk",16,0,I,"Reviews, People also ask, Related searches",6,0,0
"top ppc management company uk",18,0,I,"Reviews, Video, People also ask, AI Overview, Related searches",37,0,0
"expert ppc management agency",15,0,I,"Reviews, People also ask, Bottom Ads, Related searches",16,0,0
"pay per click consultant uk",14,0,"L, C","Local pack, Reviews, Video, People also ask, AI Overview, Related searches",25,0,0
"enterprise ppc services uk",17,0,I,"Reviews, People also ask, Related searches",16,0,0
"ppc services tailored for enterprises in the uk",21,0,I,"Featured snippets, Reviews, People also ask, Related searches",14,0,0
"ppc firm uk",24,0,I,"Reviews, People also ask, Related searches",25,0,0
"saas ppc agency uk",14,0,I,"Reviews, People also ask, Images, Related searches",9,0,0
"uk-based saas ppc agency",12,0,I,"Featured snippets, Reviews, Related searches",11,0,0
"uk based saas ppc agency",7,0,I,"Reviews, Related searches",18,0,0
"best e commerce ppc services uk",11,0,I,"Reviews, Related searches, Image, positions.title.discussions_and_forums",8,0,0
"best e-commerce ppc services uk",16,0,I,"Featured snippets, Reviews, People also ask, Related searches, positions.title.discussions_and_forums",7,0,0
"e commerce ppc advertising uk",4,0,I,"Reviews, Video, AI Overview",13,0,0
"e-commerce ppc advertising uk",4,0,I,"Reviews, Video, AI Overview",12,0,0
"preston pay-per-click services",6,0,I,"Reviews, Video, AI Overview",6,0,0
"preston pay per click services",5,0,I,"Reviews, Video, AI Overview",7,0,0
"ppc agencies in",16,0,"L, C","Local pack, Reviews, People also ask, Related searches",29,0,0
"ppc marketing support",13,0,I,"Reviews, Video, People also ask, AI Overview, Related searches",34,0,0
"google ppc ads agency",15,0,I,"Reviews, People also ask, Bottom Ads, AI Overview, Related searches, Middle Ads",10,0,0
"agencies ppc",12,0,"L, C","Local pack, Reviews, Video, People also ask, AI Overview, Related searches",61,0,0
"best ecommerce ppc services uk",13,0,I,"Reviews, Video, AI Overview, Related searches",22,0,0
"ppc agency sale",21,0,I,"Reviews, People also ask, Related searches, Image",15,0,0
"ppc agency winsford",12,0,I,"Reviews, People also ask, Images",7,0,0
"ppc agency wrexham",5,0,"L, C","Reviews, GBP, Related searches",11,0,0
"ppc agency beckenham",4,0,"L, C","Local pack, Reviews, People also ask, Images",7,0,0
"ppc agency balham",7,0,I,"Reviews, People also ask, Images",7,0,0
"ppc agency bexleyheath",3,0,"L, C","Reviews, People also ask, Images, GBP",7,0,0
"ppc agency blackheath",3,0,I,"Reviews, People also ask, Images",6,0,0
"ppc agency camberwell",3,0,I,"Reviews, People also ask, Images",6,0,0
"ppc agency clapham",8,0,I,"Reviews, People also ask, Images",7,0,0
"ppc agency downham",3,0,"L, C","Local pack, Reviews, People also ask, Images, Bottom Ads",6,0,0
"ppc agency earlsfield",3,0,I,"Reviews, People also ask, Images",7,0,0
"ppc agency dulwich",3,0,I,"People also ask, Images, Bottom Ads, Image",6,0,0
"ppc agency eltham",5,0,"L, C","Local pack, Reviews, People also ask, Images, Middle Ads",7,0,0
"ppc agency erith",3,0,"L, C","Reviews, People also ask, Images, GBP, Middle Ads",6,0,0
"ppc agency fulham",9,0,I,"Reviews, People also ask",24,0,0
"ppc agency lambeth",16,0,I,"Reviews, People also ask, Bottom Ads",21,0,0
"ppc agency greenwich",3,0,I,"Reviews, People also ask, Images, FAQ",7,0,0
"ppc agency morden",8,0,I,"Reviews, People also ask, Images, Related searches",6,0,0
"ppc agency mitcham",8,0,"L, C","Local pack, Reviews",13,0,0
"ppc agency new malden",7,0,"L, C","Local pack, Reviews, People also ask, Images",8,0,0
"ppc agency peckham",9,0,"L, C","Local pack, Reviews, People also ask, Images, Top Ads, Related searches",7,0,0
"ppc agency putney",3,0,I,"Reviews, People also ask, Images",8,0,0
"ppc agency pimlico",3,0,"L, C","Reviews, People also ask, Images, GBP",6,0,0
"ppc agency penge",5,0,"L, C","Local pack, Reviews, People also ask, Images",11,0,0
"ppc agency streatham",3,0,I,"Reviews, People also ask, Images",7,0,0
"ppc agency vauxhall",5,0,I,"Reviews, People also ask, Images",6,0,0
"ppc agency twickenham",11,0,"L, C","Local pack, Reviews, People also ask, Image",23,0,0
"ppc agency westerham",5,0,"L, C","Local pack, Reviews, People also ask, Related searches",14,0,0
"ppc agency welling",5,0,"L, C","Local pack, Reviews, People also ask, Images",7,0,0
"ppc agency west wickham",8,0,I,"Reviews, People also ask, AI Overview, Related searches",11,0,0
"ppc agency teddington",3,0,"L, C","Reviews, People also ask, GBP",6,0,0
"ppc agency sydenham",3,0,I,"Reviews, People also ask, Images",7,0,0
"expert ppc services",6,0,"L, C","Reviews, Video, People also ask, GBP, AI Overview",24,0,0
"ppc services for start-ups",15,0,I,"Reviews, Video, AI Overview, Related searches",7,0,0
"ppc services for start ups",9,0,I,"Reviews, Video, AI Overview, Related searches",11,0,0
"ecommerce ppc management service",9,0,I,"Reviews, Video, AI Overview",8,0,0
"ppc company for small business",10,0,"L, C","Local pack, Reviews, Video, People also ask, AI Overview, Related searches",28,0,0
"best google ads services london",9,0,I,"Reviews, Video, People also ask, Bottom Ads, AI Overview, Related searches, Sites",7,0,0
"display ads services london",7,0,"L, C","Local pack, Reviews, Video, AI Overview",13,0,0
"google shopping ads agency services in london",34,0,"L, T","Featured snippets, Local pack, Reviews, Related searches",7,0,0
"google ads management agency london",31,0,"L, C","Reviews, People also ask, GBP, Related searches",6,0,0
"ppc services for manufacturing",4,0,"L, C","Local pack, Reviews, Video, People also ask, AI Overview",8,0,0
"ppc services for engineering",8,0,"L, C","Featured snippets, Local pack, Reviews, Video, People also ask",9,0,0
"ppc agency for engineering",6,0,I,"Reviews, Video, People also ask, AI Overview, Related searches",15,0,0
"ppc agency for it sector",14,0,"L, C","Local pack, Reviews, Video, People also ask, Related searches",37,0,0
"ppc agency for it",21,0,"L, C","Local pack, Reviews, Video, People also ask, AI Overview, Related searches",50,0,0
"ppc agency for technology",13,0,"L, C","Local pack, Reviews, Video, People also ask, AI Overview, Related searches",28,0,0
"ppc marketing recruitment",8,0,I,"Reviews, Video, People also ask, AI Overview, Related searches",7,0,0
"ppc ppc agency",24,0,"L, C","Local pack, Reviews, Video, People also ask, AI Overview, Related searches",58,0,0
"ppc ppc company",34,0,I,"Reviews, People also ask, Related searches",22,0,0
"ppc ppc services",26,0,"L, C","Featured snippets, Local pack, Reviews, People also ask, Related searches",18,0,0
"accountancy ppc agency",5,0,"L, C","Local pack, Reviews, People also ask, Image",6,0,0
"accountancy ppc company",3,0,"L, C","Local pack, Reviews, Video, People also ask, AI Overview, Related searches",7,0,0
"accountancy ppc services",3,0,"L, C","Local pack, Reviews, Video, People also ask, AI Overview",6,0,0
"manufacturer ppc company",13,0,"L, C","Local pack, Reviews, Video, People also ask, AI Overview, Related searches",19,0,0
"manufacturer ppc services",12,0,I,"Reviews, People also ask, Related searches",14,0,0
"estate agents ppc company",4,0,"L, C","Local pack, Reviews, People also ask, Related searches",9,0,0
"letting agents ppc agency",3,0,"L, C","Reviews, Video, GBP, Related searches",13,0,0
"letting agents ppc company",10,0,"L, C","Reviews, People also ask, Top Ads, Bottom Ads, GBP, Related searches, Image",12,0,0
"letting agents ppc services",13,0,"L, C","Reviews, People also ask, Bottom Ads, GBP, Related searches, Middle Ads",12,0,0
"letting agents ppc",4,0,"L, C","Reviews, People also ask, Bottom Ads, GBP, Image, Middle Ads",10,0,0
"travelagency ppc company",8,0,"L, C","Local pack, Reviews, Video, People also ask, AI Overview, Related searches",7,0,0
"tour operator ppc agency",8,0,I,"Reviews, People also ask, Related searches, Image, Middle Ads",13,0,0
"tour operator ppc company",8,0,I,"Reviews, Video, People also ask, AI Overview, Related searches",6,0,0
"tour operator ppc services",7,0,I,"Reviews, Video, People also ask, AI Overview",12,0,0
"pay per click ppc management uk",21,0,I,"Reviews, People also ask, Related searches",12,0,0
"pay per click agency edinburgh",9,0,"L, C","Featured snippets, Local pack, Reviews, People also ask, Related searches",11,0,0
"manufacturer ppc advertising",6,0,I,"Featured snippets, Reviews, People also ask, Related searches, Sites, Middle Ads",6,0,0
"ppc search agency near me",25,0,"L, C","Local pack, Reviews, People also ask, Related searches",11,0,0
"best b2b ppc agency",19,0,I,"Reviews, People also ask, Related searches, Sites",6,0,0
"best b2b ppc agency uk",15,0,"I, N","Featured snippets, Reviews, Sitelinks, People also ask, Related searches, Sites",15,0,0
"ppc marketing company uk",33,0,"L, C","Local pack, Reviews, People also ask, Related searches",25,0,0
"digital marketing agency ppc in london",23,0,"L, C","Featured snippets, Local pack, Reviews, Related searches, Image",24,0,0
"best ppc agency birmingham",7,0,I,"Reviews, People also ask, Related searches",6,0,0
"top ppc agency uk",21,0,I,"Reviews, People also ask, Related searches",12,0,0
"pay per click management in manchester",12,0,I,"Reviews, People also ask, Related searches",6,0,0
"best ppc agencies scotland",8,0,I,"Reviews, People also ask",15,0,0
"best ppc agencies edinburgh",8,0,I,"Reviews, People also ask",10,0,0
"ppc agnecy",20,0,"L, C","Local pack, Reviews, People also ask, Related searches, Sites",27,0,0
"paid advertisingservices in london",17,0,"L, C","Local pack, Reviews, AI Overview, Related searches, Sites",20,0,0
"pay per click marketing agency london",22,0,"L, C","Local pack, Reviews, People also ask, AI Overview, Related searches, Sites",27,0,0
"paid advertising agency services london",29,0,"L, C","Local pack, Reviews, Images, Bottom Ads, AI Overview, Related searches",9,0,0
"paid advertising london",19,0,I,"AI Overview, Related searches",10,0,0
"ppc services ondon",25,0,"L, C","Local pack, Reviews, People also ask, AI Overview, Related searches",29,0,0
"seo ppc services cumbria",10,0,"L, C","Local pack, Reviews, Related searches",6,0,0
"ecommerce ppc campaigns uk",13,0,I,"Reviews, People also ask, AI Overview, Related searches",14,0,0
"ppc marketing companieses",27,0,"L, C","Local pack, Reviews, Video, People also ask, Related searches",22,0,0
"paid ads expert uk",10,0,I,"Reviews, People also ask, AI Overview, Related searches",6,0,0
"paid media agency for smes london",16,0,"L, C","Local pack, Reviews, AI Overview, Related searches",6,0,0
"ppc tech companies",17,0,I,"Reviews, Video, People also ask, AI Overview, Related searches",9,0,0
"paid local ad agency",32,0,"L, C","Local pack, Reviews, Video, People also ask, Bottom Ads, Related searches",6,0,0
"ppc it company",22,0,"L, C","Local pack, Reviews, People also ask, AI Overview, Related searches",23,0,0
"startup ppc services",8,0,I,"Reviews, Video, People also ask, AI Overview, Related searches",19,0,0
"ppc & adwords services",12,0,I,"Reviews, Video, People also ask, AI Overview, Related searches",6,0,0
"ppc agency washington tyne and wear",4,0,I,"Reviews, People also ask, AI Overview",6,0,0
"pay per click agency washington tyne and wear",4,0,I,"Reviews, AI Overview",10,0,0
"pay per click management washington tyne and wear",4,0,I,"Reviews, Video, AI Overview",8,0,0
"accounting ppc agency",4,0,"L, C","Local pack, Reviews, Video, Related searches",6,0,0
"ppc for small business uk",5,0,I,"Reviews, Video, People also ask, AI Overview, Related searches",22,0,0
"ppc agency burnham-on-crouch",6,0,"L, C","Local pack, Reviews, People also ask, Related searches",13,0,0
"ppc agency burnham on crouch",6,0,"L, C","Local pack, Reviews, AI Overview, Related searches",12,0,0
