keyword,search_volume,competition,difficulty,intent,category,notes
gp accountant,1800,medium,42,transactional,GP Accounting Services,Core high-volume query
medical accountant uk,1200,medium,38,transactional,Medical Accounting Services,Strong UK-focused keyword
gp accountant near me,950,low,32,transactional,Local GP Services,Local search with buying intent
gp tax return,850,medium,35,transactional,GP Tax,Specific service need
gp self assessment,750,medium,36,transactional,GP Tax,High-value tax service
gp accountant london,650,medium,34,transactional,Local GP Services,Location-specific opportunity
medical accountant near me,580,low,30,transactional,Local Medical Services,Local medical accounting search
gp accounting,520,medium,40,informational,GP Accounting Services,General service category
gp accountant cost,480,low,28,transactional,GP Accounting Services,Price comparison intent
gp accountant services,420,medium,33,transactional,GP Accounting Services,Service discovery query
gp tax planning,380,medium,37,transactional,GP Tax,Strategic tax service
gp accounting services,350,medium,35,transactional,GP Accounting Services,Comprehensive service search
best gp accountant,320,low,29,transactional,GP Accounting Services,Quality-focused search
gp accountant uk,280,medium,36,transactional,GP Accounting Services,UK-specific GP accounting
specialist gp accountant,260,low,27,transactional,GP Accounting Services,Specialization emphasis
gp vat registration,240,medium,34,transactional,GP Tax,VAT compliance service
medical accountant london,220,medium,33,transactional,Local Medical Services,London medical accounting
gp corporation tax,200,medium,38,transactional,GP Tax,Corporate structure tax
affordable gp accountant,180,low,25,transactional,GP Accounting Services,Budget-conscious search
local gp accountant,160,low,26,transactional,Local GP Services,Local service preference
gp accountant help,150,low,24,transactional,GP Accounting Services,Help-seeking query
gp tax advice,140,medium,32,transactional,GP Tax,Advisory service need
experienced gp accountant,130,low,23,transactional,GP Accounting Services,Experience-focused search
gp accountant fees,120,low,25,transactional,GP Accounting Services,Fee structure inquiry
gp financial planning,110,medium,36,transactional,GP Financial Planning,Wealth management service
gp accountant advice,95,low,22,transactional,GP Accounting Services,Advisory consultation
gp accounting software,90,medium,39,informational,GP Practice Management,Software solution search
gp bookkeeping,85,low,31,transactional,GP Bookkeeping,Basic accounting service
gp payroll services,80,medium,35,transactional,GP Practice Management,Staff payroll management
gp accounting system,75,medium,37,informational,GP Practice Management,System implementation
gp accounting meaning,70,low,18,informational,GP Accounting Services,Educational query
what is gp in accounting,65,low,16,informational,GP Accounting Services,Definition search
gp accounting & tax services,60,low,20,transactional,GP Accounting Services,Combined service offering
gp audit examples,55,low,22,informational,GP Practice Management,Audit guidance search
gp accountant jobs,50,medium,34,navigational,GP Accounting Services,Employment search
gp accountant access,45,low,21,transactional,GP Accounting Services,Service accessibility
medical accountant jobs near me,40,low,19,navigational,Local Medical Services,Employment opportunity
accountant payroll services,35,high,55,transactional,General Accounting,Broad payroll service
accountant vat registration,30,high,52,transactional,General Accounting,General VAT service
accountant self assessment,25,high,58,transactional,General Accounting,Broad tax service
accountant tax advice,20,high,56,transactional,General Accounting,General tax advisory
accountant bookkeeping,18,high,54,transactional,General Accounting,General bookkeeping
accountant accounting services,15,high,59,transactional,General Accounting,Broad accounting services
accountant corporation tax,12,high,57,transactional,General Accounting,General corporation tax
accountant tax return,10,high,53,transactional,General Accounting,General tax returns
accountant tax planning,8,high,55,transactional,General Accounting,General tax planning
accountant financial planning,6,high,58,transactional,General Accounting,General financial planning
find the gp near me,5,low,15,navigational,Local GP Services,Medical practice search
gp boyle accountants newry,3,low,12,navigational,Local GP Services,Specific firm search
gp accountants adviseurs,2,low,10,navigational,GP Accounting Services,Foreign language variant
gp accountants schagen,1,low,8,navigational,Local GP Services,Specific location firm
what qualifications do i need to become an accountant in the uk,95,low,24,informational,General Accounting,Career guidance query
