keyword,source,sv,kd,intent,competition,cpc,score,suggested_priority
management accounting -references,seranking,2400,0,I,0.1,0.71,9.798,9
personal accountant,seranking,590,4,"L, C",0.69,2.3,7.287,9
management services accounting,seranking,590,4,"L, C",0.11,3.22,7.287,9
hospitality accountants,seranking,590,3,"L, C",0.11,7.35,7.287,9
payroll accountant,seranking,480,3,"L, C",0.35,4.11,6.573,9
accounting for consultants,seranking,480,3,"L, C",0.25,3.16,6.573,9
agriculture accountants,seranking,480,5,"L, C",0.15,1.28,6.573,9
cost of accountants for small business,seranking,480,4,"L, C",0.49,2.51,6.573,9
accountant for self employed near me,seranking,590,6,"L, C",0.61,2.55,6.072,9
accountants in portsmouth,seranking,590,6,"L, C",0.46,3.17,6.072,9
accountants portsmouth,seranking,590,6,"L, C",0.46,3.17,6.072,9
accountants stoke on trent,seranking,480,6,"L, C",0.6,2.47,5.477,9
accountants in stoke on trent,seranking,480,6,"L, C",0.6,2.47,5.477,9
hr accountants,seranking,480,6,"L, C",0.08,1.0,5.477,9
accountant stoke on trent,seranking,480,6,"L, C",0.6,2.47,5.477,9
accountants in stoke,seranking,480,6,"L, C",0.6,2.47,5.477,9
accountant trainee jobs london,seranking,500,6,L,0.27,0.23,5.217,9
accountant basingstoke,seranking,590,7,"L, C",0.48,2.72,5.205,9
accountant in basingstoke,seranking,590,7,"L, C",0.48,2.72,5.205,9
accountants in maidstone,seranking,590,7,"L, C",0.54,1.73,5.205,9
management accounting services,seranking,590,7,"L, C",0.11,3.22,5.205,9
accountant surrey,seranking,590,7,"L, C",0.17,2.9,5.205,9
accountants basingstoke,seranking,590,7,"L, C",0.48,2.72,5.205,9
accountants in basingstoke,seranking,590,7,"L, C",0.48,2.72,5.205,9
sale accounting practice,seranking,590,5,I,0.37,1.14,4.858,9
accounting fees,seranking,590,4,I,0.44,1.72,4.858,9
limited company accountant cost,seranking,590,4,I,0.5,3.1,4.858,9
ltd company accountant cost,seranking,590,4,I,0.5,3.1,4.858,9
accountants fees,seranking,590,4,I,0.44,1.72,4.858,9
accountant fee,seranking,590,4,I,0.44,1.72,4.858,9
accountant costs for limited company,seranking,590,4,I,0.5,3.1,4.858,9
accounting practice for sales,seranking,590,5,I,0.37,1.14,4.858,9
accountant cost for ltd company,seranking,590,4,I,0.5,3.1,4.858,9
limited company accountancy costs,seranking,590,4,I,0.5,3.1,4.858,9
accountancy payroll,seranking,590,4,I,0.27,5.1,4.858,9
accounting practices for sale,seranking,590,5,I,0.37,1.14,4.858,9
accountant cost for limited company,seranking,590,4,I,0.5,3.1,4.858,9
work from home accounting positions,seranking,590,7,L,0.27,0.08,4.858,9
accountancy costs for ltd company,seranking,590,4,I,0.5,3.1,4.858,9
accountant work from home jobs,seranking,590,7,L,0.27,0.08,4.858,9
accounting practice sale,seranking,590,5,I,0.37,1.14,4.858,9
accountant for limited company cost,seranking,590,4,I,0.5,3.1,4.858,9
cost of accountant for limited company,seranking,590,4,I,0.5,3.1,4.858,9
accounting practices sale,seranking,590,5,I,0.37,1.14,4.858,9
accountant job from home,seranking,590,7,L,0.27,0.08,4.858,9
accounting job from home,seranking,590,7,L,0.27,0.08,4.858,9
accounting of payroll,seranking,590,5,I,0.27,5.1,4.858,9
fee accounting,seranking,590,5,I,0.44,1.72,4.858,9
accountants for hospitality,seranking,590,4,I,0.11,7.35,4.858,9
accountants guildford,seranking,480,7,"L, C",0.45,2.99,4.695,9
accountants in mansfield,seranking,480,7,"L, C",0.53,2.33,4.695,9
accountant bury,seranking,480,7,"L, C",0.49,1.74,4.695,9
payroll accountants,seranking,480,7,"L, C",0.35,4.11,4.695,9
accountant in bromley,seranking,480,7,"L, C",0.37,2.54,4.695,9
accountant for sole trader,seranking,480,7,"L, C",0.63,5.54,4.695,9
accountants for sole trader,seranking,480,7,"L, C",0.63,5.54,4.695,9
accountants in eastbourne,seranking,480,7,"L, C",0.44,1.76,4.695,9
accountants bromley,seranking,480,7,"L, C",0.37,2.54,4.695,9
accountant guildford,seranking,480,7,"L, C",0.45,2.99,4.695,9
accountant in bury,seranking,480,7,"L, C",0.49,1.74,4.695,9
accountants mansfield,seranking,480,7,"L, C",0.53,2.33,4.695,9
accountant maidstone,seranking,590,8,"L, C",0.54,1.73,4.554,9
accountants in glasgow,seranking,590,8,"L, C",0.39,3.05,4.554,9
accounting and bookkeeping service,seranking,590,8,"L, C",0.23,5.91,4.554,9
accountants romford,seranking,590,8,"L, C",0.33,2.77,4.554,9
accounting and payroll,seranking,590,8,"L, C",0.27,5.1,4.554,9
accountant wolverhampton,seranking,590,8,"L, C",0.46,1.86,4.554,9
accounting in surrey,seranking,590,8,"L, C",0.17,2.9,4.554,9
small business accountant fees,seranking,480,5,I,0.49,2.51,4.382,9
accountant cost for small business,seranking,480,5,I,0.49,2.51,4.382,9
edmund carr accountants chelmsford,seranking,480,7,"L, N",0.04,1.86,4.382,9
accounting a level past paper,seranking,480,5,I,0.01,0.0,4.382,9
accounting and healthcare,seranking,480,5,I,0.15,1.58,4.382,9
ltd company accountants fees,seranking,480,3,I,0.39,1.93,4.382,9
accountancy fees for ltd company,seranking,480,4,I,0.39,1.93,4.382,9
accountant fees limited company,seranking,480,3,I,0.39,1.93,4.382,9
accountant fees for small businesses,seranking,480,5,I,0.49,2.51,4.382,9
small business accountant cost,seranking,480,5,I,0.49,2.51,4.382,9
accountant for small business cost,seranking,480,5,I,0.49,2.51,4.382,9
accountant prices for small business,seranking,480,5,I,0.49,2.51,4.382,9
accountants fees for ltd company,seranking,480,4,I,0.39,1.93,4.382,9
accountancy costs small businesses,seranking,480,5,I,0.49,2.51,4.382,9
accountant charges for small business,seranking,480,5,I,0.49,2.51,4.382,9
accountant limited company fees,seranking,480,4,I,0.39,1.93,4.382,9
accounting fees for limited company,seranking,480,4,I,0.39,1.93,4.382,9
accountant fees for a small business,seranking,480,5,I,0.49,2.51,4.382,9
accounting costs for small business,seranking,480,5,I,0.49,2.51,4.382,9
accounting for healthcare,seranking,480,5,I,0.15,1.58,4.382,9
accountant rates small business,seranking,480,5,I,0.49,2.51,4.382,9
limited company accountant fees,seranking,480,4,I,0.39,1.93,4.382,9
construction accounting software,seranking,480,0,I,0.18,13.43,4.382,9
accountancy fees for a limited company,seranking,480,4,I,0.39,1.93,4.382,9
accounting software for construction,seranking,480,5,I,0.18,13.43,4.382,9
accountants graduate,seranking,480,5,I,0.22,0.41,4.382,9
ltd company accountant fees,seranking,480,3,I,0.39,1.93,4.382,9
small business accountants fees,seranking,480,5,I,0.49,2.51,4.382,9
accountants fees for small businesses,seranking,480,5,I,0.49,2.51,4.382,9
accountancy fees for limited company,seranking,480,3,I,0.39,1.93,4.382,9
accountant fees for ltd company,seranking,480,4,I,0.39,1.93,4.382,9
accounting software for builders,seranking,480,5,I,0.18,13.43,4.382,9
accountant charges for limited company,seranking,480,4,I,0.39,1.93,4.382,9
accountants fees for limited company,seranking,480,4,I,0.39,1.93,4.382,9
accountancy fees ltd company,seranking,480,4,I,0.39,1.93,4.382,9
cost of an accountant for a small business,seranking,480,5,I,0.49,2.51,4.382,9
accounting for service charges,seranking,480,4,I,0.13,2.48,4.382,9
cost of accountant for small business,seranking,480,5,I,0.49,2.51,4.382,9
accountants fees limited company,seranking,480,4,I,0.39,1.93,4.382,9
accountant fees for small business,seranking,480,5,I,0.49,2.51,4.382,9
accountant fees for limited company,seranking,480,4,I,0.39,1.93,4.382,9
fairhurst accountants wigan,seranking,590,8,"L, N",0.1,0.92,4.251,9
accountants eastbourne,seranking,480,8,"L, C",0.44,1.76,4.108,9
accountant in mansfield,seranking,480,8,"L, C",0.53,2.33,4.108,9
account executive salary,seranking,810,7,I,0.0,0.0,4.066,9
accounting & payroll,seranking,590,9,"L, C",0.27,5.1,4.048,9
accountant fees,seranking,590,6,I,0.44,1.72,4.048,9
graduate accounting schemes,seranking,590,6,I,0.32,0.29,4.048,9
accountants wolverhampton,seranking,590,9,"L, C",0.46,1.86,4.048,9
accountant for doctors,seranking,590,9,"L, C",0.24,2.84,4.048,9
accountants in maidstone kent,seranking,590,9,"L, C",0.54,1.73,4.048,9
accounting personal,seranking,590,9,"L, C",0.69,2.3,4.048,9
personal accountants,seranking,590,9,"L, C",0.69,2.3,4.048,9
accountant in glasgow,seranking,590,9,"L, C",0.39,3.05,4.048,9
accountants for doctors,seranking,590,9,"L, C",0.24,2.84,4.048,9
accountants bookkeeping services,seranking,590,9,"L, C",0.23,5.91,4.048,9
bennett verby accountants stockport,seranking,590,9,"L, C",0.04,1.43,4.048,9
accounting roles,seranking,590,6,I,0.11,0.23,4.048,9
accountants maidstone,seranking,590,9,"L, C",0.54,1.73,4.048,9
accountant romford,seranking,590,9,"L, C",0.33,2.77,4.048,9
accounting junior,seranking,590,6,I,0.19,0.29,4.048,9
accountant junior,seranking,590,6,I,0.19,0.29,4.048,9
accountants in huddersfield,seranking,590,9,"L, C",0.56,2.23,4.048,9
accountant portsmouth,seranking,590,9,"L, C",0.46,3.17,4.048,9
salary of accountant in london,seranking,590,6,I,0.01,0.0,4.048,9
accounting administrators,seranking,590,6,I,0.04,0.26,4.048,9
accountants in wolverhampton,seranking,590,9,"L, C",0.46,1.86,4.048,9
accountant huddersfield,seranking,590,9,"L, C",0.56,2.23,4.048,9
accounting job edinburgh,seranking,590,6,I,0.09,0.07,4.048,9
accountants in romford,seranking,590,9,"L, C",0.33,2.77,4.048,9
accountants working from home,seranking,590,6,I,0.27,0.08,4.048,9
accounting dead clic,seranking,590,6,I,0.01,0.0,4.048,9
finance and accountant job,seranking,540,6,I,0.23,0.21,3.873,8
accounting and finance job,seranking,540,6,I,0.23,0.21,3.873,8
jobs accounting finance,seranking,540,6,I,0.23,0.21,3.873,8
tax driven accountants,seranking,590,9,"L, N",0.06,1.28,3.778,8
accounting manager job,seranking,500,6,I,0.14,0.07,3.727,8
small business accountant costs,seranking,480,6,I,0.49,2.51,3.651,8
jobs for accounting graduates,seranking,480,6,I,0.26,0.23,3.651,8
accountant costs small business,seranking,480,6,I,0.49,2.51,3.651,8
accountants telford shropshire,seranking,480,9,"L, C",0.43,2.09,3.651,8
accountants in harrogate,seranking,480,9,"L, C",0.48,1.82,3.651,8
accountants harrogate,seranking,480,9,"L, C",0.48,1.82,3.651,8
graduate accounting positions,seranking,480,6,I,0.26,0.23,3.651,8
sage 50 accounts upgrade,seranking,480,6,I,0.2,12.69,3.651,8
accountants costs small business,seranking,480,6,I,0.49,2.51,3.651,8
accountant vacancies aberdeen,seranking,480,6,I,0.04,0.05,3.651,8
accountant job aberdeen,seranking,480,6,I,0.04,0.05,3.651,8
accountant cost small business,seranking,480,6,I,0.49,2.51,3.651,8
accountants grimsby,seranking,480,9,"L, C",0.41,1.5,3.651,8
accountant in wakefield,seranking,480,9,"L, C",0.42,2.42,3.651,8
accounting managers jobs,seranking,480,6,I,0.11,0.08,3.651,8
accounting manager salary uk,seranking,480,6,I,0.01,0.0,3.651,8
accountant costs for small business,seranking,480,6,I,0.49,2.51,3.651,8
accountant eastbourne,seranking,480,9,"L, C",0.44,1.76,3.651,8
account manager uk salary,seranking,480,6,I,0.01,0.0,3.651,8
chief accounting officer job description,seranking,480,6,I,0.09,0.8,3.651,8
payroll in accounting,seranking,480,6,I,0.35,4.11,3.651,8
aat accounting level 2 jobs,seranking,480,6,I,0.25,0.21,3.651,8
accounting management jobs,seranking,480,6,I,0.11,0.08,3.651,8
accountants in wakefield,seranking,480,9,"L, C",0.42,2.42,3.651,8
accounting healthcare,seranking,480,6,I,0.15,1.58,3.651,8
sage 50 accounts update,seranking,480,6,I,0.2,12.69,3.651,8
accountant wigan,seranking,480,9,"L, C",0.36,2.24,3.651,8
accountant manager salary uk,seranking,480,6,I,0.01,0.0,3.651,8
accountants in grimsby,seranking,480,9,"L, C",0.41,1.5,3.651,8
accounting job for graduate,seranking,480,6,I,0.26,0.23,3.651,8
accountants huddersfield,seranking,590,10,"L, C",0.56,2.23,3.643,8
accountants in reading berkshire,seranking,590,10,"L, C",0.5,2.52,3.643,8
bookkeeping and accounting service,seranking,590,10,"L, C",0.23,5.91,3.643,8
accountant hospitality,seranking,590,10,"L, C",0.11,7.35,3.643,8
assistant accountant job london,seranking,590,7,I,0.28,0.15,3.47,8
accounting from home jobs,seranking,590,7,I,0.27,0.08,3.47,8
accounting home jobs,seranking,590,7,I,0.27,0.08,3.47,8
accounting salaries london,seranking,590,7,I,0.01,0.0,3.47,8
accountant edinburgh jobs,seranking,590,7,I,0.09,0.07,3.47,8
accountant job work from home,seranking,590,7,I,0.27,0.08,3.47,8
accounting from home work,seranking,590,7,I,0.27,0.08,3.47,8
accounting home job,seranking,590,7,I,0.27,0.08,3.47,8
accountant bristol jobs,seranking,590,7,I,0.15,0.11,3.47,8
accounting work from home job,seranking,590,7,I,0.27,0.08,3.47,8
accounting at home jobs,seranking,590,7,I,0.27,0.08,3.47,8
accountant job edinburgh,seranking,590,7,I,0.09,0.07,3.47,8
apprenticeships accounting london,seranking,590,7,I,0.48,0.77,3.47,8
assistant accountant london jobs,seranking,590,7,I,0.28,0.15,3.47,8
accountant working from home,seranking,590,7,I,0.27,0.08,3.47,8
accounting job work at home,seranking,590,7,I,0.27,0.08,3.47,8
accounting role,seranking,590,7,I,0.11,0.23,3.47,8
accounting at a level,seranking,590,7,I,0.13,0.71,3.47,8
accountants salary london,seranking,590,7,I,0.01,0.0,3.47,8
international accounting standard 8,seranking,590,7,I,0.0,0.0,3.47,8
accountants work from home,seranking,590,7,I,0.27,0.08,3.47,8
