query,rank,title,url,snippet
uk statutory residence test,1,RDR3: Statutory Residence Test (SRT) notes - GOV.UK,https://www.gov.uk/government/publications/rdr3-statutory-residence-test-srt/guidance-note-for-statutory-residence-test-srt-rdr3,"The test allows you to work out your residence status for a tax year. Each tax year is looked at separately, so you may be resident in the UK in one year but ..."
uk statutory residence test,2,[PDF] Statutory Residence Test Flowchart (SRT) - KPMG International,https://assets.kpmg.com/content/dam/kpmg/pdf/2016/01/statutory-residence-test-flowchart.pdf,"This flowchart and the notes overleaf are intended to summarise how the Statutory Residence Test determines residence status in the UK, However the legislation."
uk statutory residence test,3,Statutory Residence Test - Saffery,https://www.saffery.com/insights/articles/statutory-residence-test/,Understand the UK's Statutory Residence Test (SRT) to determine your tax residency. Learn about the rules and exemptions.
uk statutory residence test,4,The statutory residence test | Low Incomes Tax Reform Group,https://www.litrg.org.uk/international/residence-and-domicile/uk-tax-residence/statutory-residence-test,The statutory residence test (also known as SRT) determines whether you are resident in the UK under UK domestic tax law for tax years ...
uk statutory residence test,5,Understanding the UK's Statutory Residence Test (SRT),https://taxdisputes.co.uk/2025/11/understanding-the-uks-statutory-residence-test-srt-a-guide-for-taxpayers-and-expats/,How the SRT Works in 4 Easy Steps · Step 1: Check if you're automatically UK resident · Step 2: Check automatic overseas tests (non-resident)
uk statutory residence test,6,Tax on foreign income: UK residence and tax - GOV.UK,https://www.gov.uk/tax-foreign-income/residence,Work out your residence status · you meet one or more of the automatic UK tests or the sufficient ties test · you do not meet any of the automatic overseas tests.
uk statutory residence test,7,[PDF] UK statutory residence test | BDO,https://www.bdo.co.uk/getmedia/1ebbb039-6e55-48c0-a5a4-1c76ccbd1203/PCS-SRT-flowchart.pdf,"The SRT, whilst complex, provides more certainty surrounding the steps you must take to determine your residence position for UK tax purposes. Each individual's ..."
uk statutory residence test,8,Statutory residence test for individuals - Practical Law,https://uk.practicallaw.thomsonreuters.com/1-510-1890?transitionType=Default&contextData=(sc.Default),The SRT determines whether an individual is UK resident for tax purposes for the tax years 2013-14 onwards. Get full access to this document with a free trial.
uk statutory residence test,9,Statutory Residence Test - Moore Kingston Smith,https://mooreks.co.uk/insights/statutory-residence-test/,This Statutory Residence Test flowchart is intended to show whether you are resident in the UK for income tax and capital gains tax purposes throughout a ...
uk statutory residence test,10,Tax and residence UK: Statutory Residence Test vs Long-Term ...,https://www.blevinsfranks.com/tax-and-residence-uk-statutory-residence-test-vs-long-term-residence/,"The UK Statutory Residence Test, introduced in 2013, determines whether you are UK tax resident in a given tax year. This status affects your ..."
split year treatment uk,1,Tax on foreign income: UK residence and tax - GOV.UK,https://www.gov.uk/tax-foreign-income/residence,This is called 'split-year treatment'. You will not get split-year treatment if you live abroad for less than a full tax year before returning to the UK.
split year treatment uk,2,Split year treatment | Low Incomes Tax Reform Group,https://www.litrg.org.uk/international/residence-and-domicile/uk-tax-residence/split-year-treatment,"Split year treatment can apply when you are becoming resident in the UK (if so, there will be an overseas part of the year followed by a UK part) ..."
split year treatment uk,3,Split Year Treatment and how it reduces your UK tax exposure,https://www.expertsforexpats.com/advice/tax/split-year-treatment,"Split year treatment can significantly reduce your UK tax liability in the year you move, but it's only available in specific circumstances."
split year treatment uk,4,RFIG21010 - Statutory Residence Test (SRT): Split year treatment,https://www.gov.uk/hmrc-internal-manuals/residence-and-fig-regime-manual/rfig21010,"Under the SRT, an individual is either UK resident or non-UK resident for a full tax year, and at all times in that tax year."
split year treatment uk,5,Split Year Treatment UK - Global Tax Consulting,https://www.globaltaxconsulting.co.uk/blog/split-year-treatment-uk,Learn how Split Year Treatment protects your incomes and gains from HMRC. Expert guidance on HMRC split year cases 1-8.
split year treatment uk,6,How to Use the Split-Year Treatment When Moving Out of the UK,https://www.youtube.com/watch?v=LlU6HkHcx1c,How to Use the Split-Year Treatment When Moving Out of the UK · Comments. 4. Add a comment... 30:28. Go to channel ME Sick ...
split year treatment uk,7,Split-year treatment | ACCA Global,https://www.accaglobal.com/gb/en/technical-activities/technical-resources-search/2013/may/srt-split-year-treatment.html,"Split-year treatment. · when an individual came to the UK to stay for at least two years, or · ceased to reside in the UK to take up permanent residence abroad,."
split year treatment uk,8,3665 Split year: Case 1 – starting full-time work overseas,https://library.croneri.co.uk/cch_uk/etc/3665,"Case 1 gives split year treatment if an individual leaves the UK to start full-time working overseas. For this case to apply, the individual must be: •UK ..."
split year treatment uk,9,What is Split Year Treatment & How It Work When Arrive in UK - Taxd,https://www.taxd.co.uk/blog/how-split-year-treatment-works-when-you-arrive-in-the-uk,"Split year treatment is a provision for individuals who move to the UK partway through a tax year, allowing them to be taxed only on income and gains accrued ..."
split year treatment uk,10,When split year treatment will apply - HMRC internal manual - GOV.UK,https://www.gov.uk/hmrc-internal-manuals/residence-and-fig-regime-manual/rfig21030,There are 8 sets of circumstances when an individual might meet the criteria for split year treatment for a particular tax year.
becoming non-uk resident for tax,1,Leaving the UK - breaking tax residence - BDO,https://www.bdo.co.uk/en-gb/insights/tax/private-client/leaving-the-uk,You are considered non-resident for a tax year if you are in the UK for fewer than a specified number of days during that year. Each day is ...
becoming non-uk resident for tax,2,Becoming non UK resident – can you escape the grasp of UK ...,https://www.uhy-uk.com/insights/becoming-non-uk-resident-can-you-escape-grasp-uk-taxation,"It is difficult to become non UK resident and, even after leaving, the reach of the UK tax regime can continue."
becoming non-uk resident for tax,3,What are the Tax implications of being non UK resident - AAB,https://aab.uk/blog/what-are-the-tax-implications-of-being-non-uk-resident/,"Even if you're non-resident, you should expect to pay tax on your UK sourced income. For example, UK pension, UK dividends, or bank interest."
becoming non-uk resident for tax,4,UK tax residence | Low Incomes Tax Reform Group,https://www.litrg.org.uk/international/residence-and-domicile/uk-tax-residence,"If you spend fewer than 16 days in the UK in a tax year, then you will always be non-resident in the UK for that year. If you spend 183 days or ..."
becoming non-uk resident for tax,5,How to Become a Tax Exile | Taxcafe,https://www.taxcafe.co.uk/resources/howtobecomeataxexile.html,A non-resident may be able to avoid both UK income tax and capital gains tax. Find out what it takes to become a tax exile.
becoming non-uk resident for tax,6,Becoming non-resident: Why it is not quite as simple as the “90-day ...,https://www.gravita.com/insights/becoming-non-resident-why-it-is-not-quite-as-simple-as-the-90-day-rule/,What do you need to do to be able to spend 90 days in the UK without being tax resident here? Can you still spend 90 days here? What can you ...
becoming non-uk resident for tax,7,How to Become a Non-UK Resident for Tax Purposes - Alliotts,https://www.alliotts.com/articles/how-to-become-a-non-uk-resident-for-tax-purposes/,"Common scenarios impacting residency · Meet the criteria for full-time work abroad, · Spend no more than 90 days in the UK during the tax year, and · Work no ..."
becoming non-uk resident for tax,8,What Is Tax Residency? - HSBC UK,https://www.hsbc.co.uk/international/what-is-tax-residency/,"If your permanent home is outside the UK and you intend to return there in the future, you will be non-UK domiciled. Previously, you didn't have to pay UK tax ..."
becoming non-uk resident for tax,9,HS278 Temporary non-residents and Capital Gains Tax (2023),https://www.gov.uk/government/publications/temporary-non-residents-and-capital-gains-tax-hs278-self-assessment-helpsheet/hs278-temporary-non-residents-and-capital-gains-tax-2023,"Subject to this, an individual who left the UK to live abroad and ceased to be resident in the UK will not be chargeable on gains made in years ..."
uk non-dom rules 2025,1,Non-Domicile: 2025 tax reform: At a glance - www.rossmartin.co.uk,https://www.rossmartin.co.uk/overseas/7862-non-domiciled-individuals-the-new-proposals,"From 6 April 2025, the UK is removing the concept of domicile status from the tax system and will implement a new residence-based regime."
uk non-dom rules 2025,2,Technical note: Changes to the taxation of non-UK domiciled ...,https://www.gov.uk/government/publications/changes-to-the-taxation-of-non-uk-domiciled-individuals/technical-note-changes-to-the-taxation-of-non-uk-domiciled-individuals,"From 6 April 2025, the current remittance basis of taxation will be abolished for UK resident non-domiciled individuals. This will be replaced ..."
uk non-dom rules 2025,3,Budget: Non-dom reforms are going ahead from April 2025 | KPMG UK,https://kpmg.com/uk/en/insights/tax/tmd-budget-non-dom-reforms-are-going-ahead-from-april-2025.html,The four-year FIG regime will be available to those who come to the UK after a period of 10 consecutive years of non-residence and will apply from 6 April 2025.
uk non-dom rules 2025,4,Transfer of assets abroad: 6 April 2025 non-UK domicile reforms ...,https://www.gov.uk/hmrc-internal-manuals/international-manual/intm603625,"From 6 April 2025, the rules for the taxation of non-UK domiciled individuals will end. The concept of domicile as a relevant connecting factor in the UK tax ..."
uk non-dom rules 2025,5,2025 Changes to UK Tax Rules for Non-UK Domiciled Individuals,https://pwwsolicitors.co.uk/2025/04/01/2025-changes-to-uk-tax-rules-for-non-uk-domiciled-individuals/,"From 6 April 2025, qualifying new residents in the UK will benefit from a 100% tax relief on eligible foreign income and gains during their first four years of ..."
uk non-dom rules 2025,6,UK Tax Changes 2025: Essential Guide for Non-Doms - YouTube,https://www.youtube.com/watch?v=n9guq8-lDTg,"The UK's non-dom tax regime is changing, and key actions are needed before 6th April 2025. In this video KPMG tax expert explains the new rules"
uk non-dom rules 2025,7,Abolition of the “non-dom” regime - Norton Rose Fulbright,https://www.nortonrosefulbright.com/en/knowledge/publications/648e7a24/abolition-of-the-non-dom-regime,"With effect from April 6, 2025, the non-domicile status for UK resident individuals has been abolished and has been replaced with a new regime."
uk non-dom rules 2025,8,Non-Domicile: Rules from 6 April 2025 - www.rossmartin.co.uk,https://www.rossmartin.co.uk/overseas/8126-non-domicile-rules-from-5-april-2025,"What are the changes to the 'non-dom' regime? What does this mean for non-doms currently using the remittance basis? How will income tax, ..."
uk non-dom rules 2025,9,Changing rules for non-doms – what to do now? - BDO,https://www.bdo.co.uk/en-gb/insights/tax/private-client/changing-rules-for-non-dom-status-what-to-do-now,The FIG regime is available for four years starting from 6 April 2025 or the first tax year in which the individual becomes UK resident if later ...
uk tax obligations when moving abroad,1,Relocating overseas and the tax implications for UK nationals,https://hillierhopkins.co.uk/insight-posts/relocating-overseas-and-the-tax-implications-for-uk-nationals/,"UK income remains taxable. Even if an individual does achieve non-resident status for tax purposes during a temporary move, UK income remains ..."
uk tax obligations when moving abroad,2,Leaving the UK | Low Incomes Tax Reform Group,https://www.litrg.org.uk/international/leaving-uk,You will need to consider your UK tax residence status in light of your move. You may be entitled to split year treatment upon leaving the UK.
uk tax obligations when moving abroad,3,Tax on your UK income if you live abroad: Overview - GOV.UK,https://www.gov.uk/tax-uk-income-live-abroad,You usually have to pay tax on your UK income even if you're not a UK resident. Income includes things like: pension; rental income; savings interest; wages.
uk tax obligations when moving abroad,4,Moving Abroad? Understand Your UK Tax Obligations Before You Go,https://www.haggards.co.uk/news/moving-abroad-tax-implications/,"Capital Gains Tax (CGT) · The annual CGT exemption is £3,000 for 2025/26 · You must report and pay CGT within 60 days of the sale. If ..."
uk tax obligations when moving abroad,5,Moving abroad? A guide to the tax implications of leaving the UK,https://www.rousepartners.co.uk/tax-implications-of-leaving-the-uk/,"Income Tax: Once you become a non-resident, you will generally no longer pay UK tax on overseas income. · Capital Gains Tax (CGT): As a non- ..."
uk tax obligations when moving abroad,6,Tax rules if you are moving abroad - MSA Accountants,https://www.msaaccountants.co.uk/2109887_understanding-uk-tax-responsibilities-for-expats-moving-abroad-including-mid-tax-year-moves,"As a UK citizen moving abroad, your tax responsibilities depend largely on your UK residency status, which determines whether you owe tax in the UK on your ..."
uk tax obligations when moving abroad,7,Tax implications if you're moving overseas - Bath - Pearson May,https://www.pearsonmay.co.uk/resources/blog/overseas-tax-implications/,"While transferring money in and out of the UK will not always attract a tax charge, non-UK domiciled individuals often face more complicated tax implications."
uk tax obligations when moving abroad,8,Do I have to pay UK tax if I live abroad? - THP Chartered Accountants,https://www.thp.co.uk/do-i-have-to-pay-uk-tax/,"If you live in a country that has a double taxation treaty with the UK, you should declare your worldwide income in that country. You can then claim tax relief ..."
uk tax obligations when moving abroad,9,Paying Tax On UK Income If You Live Abroad - GoSimpleTax,https://www.gosimpletax.com/blog/paying-tax-on-uk-income/,"You must pay UK tax on your rental income if you rent out a property in the UK, even if you're tax residency is in another country. HMRC ..."
free zone company dubai setup,1,Starting a business in a free zone - UAE Government Portal,https://u.ae/en/information-and-services/business/doing-business-in-free-zones/starting-a-business-in-a-free-zone,This page provides information about the key steps to set up a business in a free zone from determining the type of legal entity and choosing a trade name.
free zone company dubai setup,2,Dubai Free Zone Business Setup | Start a Company in a Free Zone,https://www.investindubai.gov.ae/en/business-setup/free-zone-companies,Dubai's free economic zones offers full foreign ownership. Find out how to register your business in a free zone and explore sector-specific opportunities.
free zone company dubai setup,3,Establishing business in free zones | Ministry of Economy & Tourism,https://www.moet.gov.ae/en/establishing-business-in-free-zones,Identifying the type of activity · Identifying the legal form · Registration of trade names · Selection of business offices and facilities · Obtaining approval.
free zone company dubai setup,4,Freezone Business Setup in UAE - RAKEZ,https://rakez.com/en/promotions/sme-business-setup,"Set up your business in UAE free zone with Rakez and get a free zone visa, SME visa, corporate tax registration, trade licenses, and more with ease."
free zone company dubai setup,5,Free Zone Company Formation in Dubai from UK | Low Cost,https://www.shuraa.co.uk/free-zone-company-formation-dubai-uae/,1. Choose the Right Free Zone · 2. Select a Business Activity · 3. Choose a Company Name · 4. Prepare Company Documents · 5. Apply for Trade License · 6. Company ...
free zone company dubai setup,6,Setting up a Free Zone LLC Company - Dubai Development Authority,https://dda.gov.ae/en/registration-licensing/setting-up-a-business/free-zone-limited-liability-company,Dubai Development Authority enables new businesses to register a Free Zone Limited Liability Company (FZ-LLC) as a separate legal entity.
free zone company dubai setup,7,"UAE Freezone Company Setup: Costs, Steps & Timeline (2026)",https://binderr.com/marketplace/ae/free-zone-company-formation-uae,The first step in setting up a freezone company in the UAE is choosing a free zone that matches how your business will operate. This decision ...
free zone company dubai setup,8,"How to Start a Business in a UAE Free Zone | Setup Process, Costs ...",https://www.youtube.com/watch?v=ZGxb6H7fakc,"There are now over 40 specialized Free Zones across the UAE in 2025, each designed to help entrepreneurs in industries like tech, logistics, ..."
free zone company dubai setup,9,"Dubai Free Zone Company Setup – Cost, Process & Benefits",https://edencsp.com/dubai-freezone-business-setup.html,A basic Dubai free zone business setup includes 1–3 visas. Larger office spaces can qualify for unlimited visas depending on freezone rules. Frequently Asked ...
free zone company dubai setup,10,Setting up a Dubai Free Zone business – DIY or use an agent?,https://www.reddit.com/r/dubai/comments/1nkvyz4/setting_up_a_dubai_free_zone_business_diy_or_use/,"That said, my rule of thumb: if your setup is straightforward (single activity, no complex ownership structure), DIY saves you 5–15k AED easily."
dubai company formation for uk founders,1,Step by Step Guide for Dubai Company Formation for UK Residents,https://abcapital.uk/dubai-company-formation-for-uk-residents/,"Dubai company formation for UK residents gives British nationals 100% ownership rights in both free zones and most mainland sectors, with no ..."
dubai company formation for uk founders,2,Company Formation UAE: A Practical Guide to Business Setup for ...,https://marlegal.co.uk/company-formation-uae-practical-guide-expats/,"Company Formation UAE involves securing trade name approval, drafting constitutional documents, obtaining the correct licence and registering ..."
dubai company formation for uk founders,3,UAE/Dubai Business Setup - Founder Services,https://founderservices.co.uk/uae-dubai-business-setup/,"The UAE/Dubai Business Setup offers entrepreneurs 100% foreign ownership, zero income tax, and access to world-class infrastructure."
dubai company formation for uk founders,4,How UK Citizens Can Start a Company in Dubai - LinkedIn,https://www.linkedin.com/pulse/how-uk-citizens-can-start-company-dubai-step-by-step-nm3yf,• Which banks suit UK founders • Required documentation • Business plan positioning • Compliance expectations. A properly structured Free ...
dubai company formation for uk founders,5,Dubai Corporate Structures Explained for UK Founders - Shuraa UK,https://www.shuraa.co.uk/dubai-corporate-structures/,"Explore Dubai corporate structures for Mainland, Free Zone & Offshore companies. Learn setup, ownership options & choose the right UAE business type."
dubai company formation for uk founders,6,How to Set Up a Business in Dubai as a UK Citizen,https://reflexaccounting.co.uk/set-up-a-business-in-dubai/,"Discover how UK citizens can set up a business in Dubai. Learn about legal steps, visa requirements, and key tips for a smooth start."
dubai company formation for uk founders,7,How to Set Up a Business in Dubai from the UK | Step-by-Step Guide,https://lanop.co.uk/how-to-set-up-a-business-in-dubai-from-the-uk-step-by-step-guide/,"Discover how to set up a business in Dubai from the UK with this step-by-step guide. Learn about costs, licenses, Free Zone vs Mainland, ..."
dubai company formation for uk founders,8,Company Formation in Dubai for UK Entrepreneurs,https://avyanco.co.uk/,"Start your Dubai business for as low as £4,030 and enjoy benefits like. 100% Foreign ownership,; 0% income tax,; 0% withholding tax; lower Corporate taxes."
dubai company formation for uk founders,9,Setting Up an LLC in Dubai: A Guide for UK Entrepreneurs,https://www.flyingcolour.net/uk/blog/setting-up-an-llc-in-dubai-a-guide-for-uk-entrepreneurs/,"Ready to set up your business in Dubai? Our guide for UK entrepreneurs covers everything you need to know about LLC formation, from the new 100% ownership ..."
uae mainland vs free zone company,1,Difference Between Mainland and Free Zone Company in the UAE,https://emerhub.com/uae/difference-between-mainland-and-free-zone/,A major difference between mainland and free zones is the availability of activities. The mainland has over 2k possible activities that a business can opt for.
uae mainland vs free zone company,2,free zone or mainland: which one to choose for business set-up?,https://rakez.com/ar/Media-Centre/Articles/Articlesdetails/articleid/303/free-zone-or-mainland-which-one-to-choose-for-business-set-up,"Conversely, free zones, or free trade zones, offer distinct benefits for UAE free zone company owners, including tax exemptions, 100% foreign ownership, and ..."
uae mainland vs free zone company,3,Mainland vs. Free Zone – Which UAE Business Setup Is ... - YouTube,https://www.youtube.com/watch?v=mkFLhCV2hK4,Thinking of starting a business in the UAE? One of the most important decisions you'll make is choosing between a Mainland or Free Zone ...
uae mainland vs free zone company,4,How to Choose the Right UAE Company Setup: Mainland vs Free ...,https://www.mosaicchambers.com/how-to-choose-the-right-uae-company-setup-mainland-vs-free-zone-explained,Definition: A mainland company is licensed by the Department of Economic Development (DED) and can operate across the entire UAE. Benefits of ...
uae mainland vs free zone company,5,Free Zones vs. Mainland in UAE: Which Company Setup Works Best ...,https://dilex.group/blog/free-zones-vs.-mainland-in-uae-which-company-setup-works-best-for-your-business-goals,"Mainland companies can conduct business activities both within the UAE and internationally without limitations, providing broader market access."
uae mainland vs free zone company,6,Free Zone vs. Mainland: Explained,https://www.creativezone.ae/free-zone-vs-mainland-explained/,Business scope: The fundamental difference between mainland and free zone companies is that a free zone company cannot do business outside the ...
uae mainland vs free zone company,7,Freezone or mainland for a new company in Dubai - Reddit,https://www.reddit.com/r/dubai/comments/14l3qaj/freezone_or_mainland_for_a_new_company_in_dubai/,"If you want more visas, then you're better off with the mainland company. As multiple visas get incredibly pricey in Freezone. For the office ..."
uae mainland vs free zone company,8,Key Differences of Business Setup in Dubai Mainland vs. Freezone,https://executivecentre.ae/mainland-vs-free-zone-company-setup-key-differences,"Explore key differences between Dubai Mainland and Free Zone companies for 2026, including ownership, tax benefits, visa eligibility, ..."
uae mainland vs free zone company,9,Mainland vs. Free Zone Company Setup: Which is Best for Your ...,https://www.linkedin.com/pulse/mainland-vs-free-zone-company-setup-which-best-your-business-n4phc,"Yes, you can transition between a Free Zone company and a Mainland company in the UAE, but there is no direct conversion process. Instead ..."
ifza vs jafza vs dmcc,1,[PDF] UAE Free Zone Comparison Chart - Smart Advisors Group,https://www.smartadvisorsgroup.com/wp-content/uploads/uae-free-zone-comparison-chart.pdf,DMCC is a government entity established in 2002. It is the world's largest free economic zone located in the Jumeirah Lake Towers (JLT).
ifza vs jafza vs dmcc,2,"Understanding Dubai Freezones: DMCC, Meydan, and JAFZA",https://britishchamberdubai.com/news-details/3817,"In this article, we will compare 3 Dubai freezones, analyzing the cost of setup and maintenance, location and accessibility, industry focus, and the ..."
ifza vs jafza vs dmcc,3,"UAE Free Zone Comparison: DMCC, DIFC, IFZA, JAFZA - LinkedIn",https://www.linkedin.com/posts/theventurehubgroup_uaebusiness-dubaistartups-freezonecomparison-activity-7452655507846225921-Z2ks,"... DMCC for commodities, IFZA for tech and consulting, and so on. Each has different visa quotas, activity codes, and regulatory frameworks."
ifza vs jafza vs dmcc,4,Comparison of Different UAE Free Zones - InZone,https://www.inzone.ae/blog/comparison-of-different-uae-free-zones/,DMCC is a general-purpose free zone catering to most industries in ... IFZA is popular for its low costs and low barriers to starting a ...
ifza vs jafza vs dmcc,5,Dubai Free Zones Comparison 2025 - G12.ae,https://g12.ae/dubai-free-zones-comparison-2025-which-free-zone-is-best-for-your-business/,"IFZA: AED 12,900 (no Visa). · DMCC: The basic license starts around AED 20,000-25,000. · Dubai South: The competitive licensing starts at AED ..."
ifza vs jafza vs dmcc,6,DIFC vs DMCC vs IFZA – Which One is Right for Your Business?,https://www.youtube.com/shorts/by-mtRUNwOg,Thinking of starting a business in the UAE? Not all free zones are created equal — and choosing the wrong one can quietly limit your future.
ifza vs jafza vs dmcc,7,[PDF] Which free zone for which purpose? UAE Structured Series (IV) | M/HQ,https://www.m-hq.com/wp-content/uploads/2020/04/UAE-Structuring-Series-IV-Which-free-zone-for-which-purpose7.pdf,"Dubai's Jebel Ali free zone (“JAFZA”) was UAE's original free zone. Over time, its model was first replicated, then expanded and reinvented. The “new wave” of ..."
ifza vs jafza vs dmcc,8,Dubai free zone: IFZA vs Silicon Oasis vs DMCC - OffshoreCorpTalk,https://www.offshorecorptalk.com/threads/dubai-free-zone-ifza-vs-silicon-oasis-vs-dmcc.37144/,"DMCC seems to be the most reputable, but the most expensive and stringent. I've had a look at Dubai Silicon Oasis and they seem cheaper, but still reputable."
ifza vs jafza vs dmcc,9,Ready to pick the perfect free zone for your business ... - Instagram,https://www.instagram.com/p/DXnve80Drss/,"▸ JAFZA – Ideal for logistics, manufacturing & trade giants looking for world‑class infrastructure. ▸ DMCC – The go‑to hub for fintech, crypto, ..."
ifza vs jafza vs dmcc,10,DMCC vs IFZA – Which Free Zone Is Better In 2026? - Arabian Wingz,https://arabianwingzuae.com/dmcc-vs-ifza-which-free-zone-is-better/,"1. Cost-Effectiveness – IFZA remains one of the most cost-effective choices in Dubai. With packages beginning remarkably lower than DMCC, it ..."
dubai golden visa for uk citizens,1,Dubai Golden Visa - UAE Government Portal,https://u.ae/en/information-and-services/visa-and-emirates-id/residence-visas/golden-visa,
dubai golden visa for uk citizens,2,"Golden Residency | Federal Authority for Identity, Citizenship ...",https://icp.gov.ae/en/services/golden-residency/,"It offers eligible individuals the opportunity to obtain a long-term residency in the UAE, ranging from five to ten years, with automatic renewal and no need ..."
dubai golden visa for uk citizens,3,UAE Golden Visa for UK Citizens: Investing in Tax-Free Luxury,https://www.investmentvisa.com/news-and-media/uae-golden-visa-for-uk-citizens,"Currently, the minimum investment for the Dubai Golden Visa is AED 2 million (approximately £430,000). This can be in residential or commercial ..."
dubai golden visa for uk citizens,4,UAE Golden Visa - Henley & Partners,https://www.henleyglobal.com/residence-investment/united-arab-emirates,"UAE Residence by Investment allows foreign nationals to make an investment into the country and apply for a residence permit, also known as a UAE golden visa."
dubai golden visa for uk citizens,5,The Ultimate Guide to the UAE Golden Visa for UK Citizens - Medium,https://medium.com/@cformation530/the-ultimate-guide-to-the-uae-golden-visa-for-uk-citizens-your-2025-roadmap-to-a-tax-free-life-in-c245d71836db,The UAE Golden Visa is more than an immigration permit; it is a comprehensive life strategy. For UK citizens feeling the pressure of a high-tax ...
dubai golden visa for uk citizens,6,UAE Golden Visa: The Ultimate Guide 2026 - Flyingcolour,https://www.flyingcolour.net/uk/blog/uae-citizenship-by-investment/,"Can UK citizens apply for the UAE Golden Visa? Yes, UK citizens are eligible if they meet the requirements under investment, employment, or ..."
dubai golden visa for uk citizens,7,"Dubai Golden Visa for Brits: Eligibility, Benefits & How to Apply",https://www.youtube.com/shorts/JyzzEy9e3EI,... dubai-uk/dubai-golden-visa-for-brits?utm_source=youtube&utm_medium=video Start Faster with Meydan Free Zone ⚡ Launch your business ...
dubai golden visa for uk citizens,8,Golden Visa for UK citizens : r/dubai - Reddit,https://www.reddit.com/r/dubai/comments/1m69e4f/golden_visa_for_uk_citizens/,"So in a nutshell, Golden Visa is targeting wealthy people to claim tax benefits by residency and spares them of actually live in an oven, ..."
dubai golden visa for uk citizens,9,How UK Citizens Can Apply for the UAE Golden Visa,https://mafbusiness.com/blogs/how-uk-citizens-can-apply-for-the-uae-golden-visa/,"The UAE Golden Visa is a long-term residency permit that allows foreign nationals to live, work, and study in the Emirates without the need for a local sponsor."
uae corporate tax 9 percent,1,9% corporate tax - UAE Government Portal,https://u.ae/en/information-and-services/finance-and-investment/taxation/corporate-tax,
uae corporate tax 9 percent,2,United Arab Emirates - Corporate - Taxes on corporate income,https://taxsummaries.pwc.com/united-arab-emirates/corporate/taxes-on-corporate-income,"Under the Emirate-level tax decrees, income tax is payable under a progressive rate system, with rates up to 55%."
uae corporate tax 9 percent,3,"UAE Corporate Tax 2026: 9% Rate, Who Pays, Exemptions and ...",https://www.cleartax.com/ae/corporate-tax-in-uae,"The UAE corporate tax rate is 9% for profits above AED 375000. Find out who must register, which businesses are exempt, free zone rules, ..."
uae corporate tax 9 percent,4,UAE introduces corporate tax starting at 9% | International Tax Review,https://www.internationaltaxreview.com/article/2a68rfy5bw2ycq1zyexvq/uae-introduces-corporate-tax-starting-at-9,It headlines a 9% statutory rate on large businesses that will be effective from June 1 2023. The incoming federal corporate tax regime is part ...
uae corporate tax 9 percent,5,Dubai Holding Company Tax Explained | 0% vs 9% UAE ... - YouTube,https://www.youtube.com/watch?v=5pe2_C9IpaM,Whatsapp Me - https://wa.me/+971501720766 ✓ Setup your Offshore Company https://setuphero.com/offshore ✓ Setup your UAE Freezone Company ...
uae corporate tax 9 percent,6,UAE announces Domestic Minimum Top-up Tax effective 1 January ...,https://www.dlapiper.com/insights/publications/gulf-tax-insights/2024/gulf-tax-insights-december-2024/uae-announces-domestic-minimum-top-up-tax-effective-1-january-2025,The United Arab Emirates (UAE) introduced Corporate Income Tax (CIT) at a headline rate of 9% through Federal Decree-Law No. (47) of 2022 on ...
uae corporate tax 9 percent,7,Understanding the UAE's first corporate tax regime | Hawksford,https://www.hawksford.com/insights-and-guides/uae-corporate-tax,"In a nutshell, unless exempted, taxable business income above AED375,000 will incur a 9% statutory tax rate. Income below this threshold will ..."
uae corporate tax 9 percent,8,Corporate Tax - UAE Ministry of Finance,https://mof.gov.ae/en/public-finance/tax/corporate-tax/,
uae corporate tax 9 percent,9,United Arab Emirates - Corporate - Income determination,https://taxsummaries.pwc.com/united-arab-emirates/corporate/income-determination,"a 9% effective tax rate (ETR) is applied on income or profits of the participation, or · in the event such a 9% ETR is not applicable based on ..."
uae corporate tax small business relief,1,Small Business Relief - Federal Tax Authority - Corporate Tax Topics,https://tax.gov.ae/en/taxes/corporate.tax/corporate.tax.topics/small.business.relief.23.aspx,"Small Business Relief · Election for each Tax Period. · Revenue equal to or less than AED 3,000,000 in both the current and all previous Tax Periods."
uae corporate tax small business relief,2,Understanding Small Business Relief: Key Provisions of the UAE ...,https://chambers.com/articles/understanding-small-business-relief-key-provisions-of-the-uae-corporate-tax-law,Small Business Relief allows qualifying resident taxable persons to be treated as if they have not derived any taxable income for a tax period ...
uae corporate tax small business relief,3,UAE Corporate Tax Relief for Small Businesses Explained - IFZA,https://ifza.com/en/uae-corporate-tax-relief-small-business/,What is small business relief UAE? This is a tax exemption that allows eligible businesses with revenue ≤ AED 3 million to pay 0% corporate tax.
uae corporate tax small business relief,4,"Small Business Relief UAE Explained: Benefits, Drawbacks, and Tips",https://well-tax.com/small-business-relief-uae-explained-benefits-drawbacks-and-tips/,Small Business Relief applies to Tax Periods starting on or after 1 June 2023. It can continue to be used up to Tax Periods ending on or before ...
uae corporate tax small business relief,5,UAE Corporate Tax: Small Business Relief Criteria - Cms.law,https://cms.law/en/are/legal-updates/uae-corporate-tax-small-business-relief-criteria,"Article 21 of the Corporate Tax Law specifies that Small Business Relief must be claimed by way of an election. As such, it does not apply ..."
uae corporate tax small business relief,6,UAE Corporate Tax: Small Business Relief Explained (2025 Update),https://www.youtube.com/watch?v=5Ux7R094uIg,Worried about corporate tax as a small business owner in the UAE? Good news — the UAE Corporate Tax law offers Small Business Relief to ...
uae corporate tax small business relief,7,Small Business Relief - UAE Ministry of Finance,https://mof.gov.ae/ministry-of-finance-issues-decision-on-small-business-relief-for-corporate-tax-purposes/,
uae corporate tax small business relief,8,Small Business Relief Under the UAE Corporate Tax Explained,https://www.doshermanosuae.com/small-business-relief-uae-corporate-tax-explained/,"Learn how Small Business Relief under UAE Corporate Tax helps SMEs reduce tax liability, improve cash flow, and stay fully compliant in UAE."
uae corporate tax small business relief,9,How to Claim UAE Corporate Tax Small Business Relief in 2025,https://transacle.com/how-to-claim-uae-corporate-tax-small-business-relief-in-2025/,"You may qualify for Small Business Relief (SBR) under the UAE Corporate Tax framework. This initiative helps SMEs by minimizing tax burdens, simplifying ..."
uae corporate tax small business relief,10,Walkthrough video for Small Business Relief (SBR) - Corporate Tax,https://www.youtube.com/watch?v=_dG8nPH7p7k,
uae corporate tax free zone,1,United Arab Emirates - Corporate - Tax credits and incentives,https://taxsummaries.pwc.com/united-arab-emirates/corporate/tax-credits-and-incentives,Companies and branches registered in UAE Free Zones (there are more than 50 in the United Arab Emirates) are considered taxable persons ...
uae corporate tax free zone,2,Corporate Tax Guide for Free Zone Persons,https://tax.gov.ae/Datafolder/Files/Guides/CT/Free%20Zone%20Persons%20-%2020%2005%202024%20final%20for%20GCD.pdf,No information is available for this page. · Learn why
uae corporate tax free zone,3,A Complete Guide for Corporate Taxation in UAE Free Zone Areas,https://chambers.com/articles/a-complete-guide-for-corporate-taxation-in-uae-free-zone-areas,"Qualifying Free Zone Person (QFZP): A QFZP may be eligible for specific tax benefits, including a 0% tax rate on qualifying income. Non-Qualifying Free Zone ..."
uae corporate tax free zone,4,Free Zone Companies & Corporate Tax in UAE – 2025 Rules ...,https://www.linkedin.com/pulse/free-zone-companies-corporate-tax-uae-2025-rules-explained-xngvc,"Under the UAE corporate tax law (Federal Decree–Law No. 47 of 2022), Free Zone Persons can still enjoy a 0% tax rate — but only if they qualify ..."
uae corporate tax free zone,5,Jebel Ali Free Zone and the UAE Corporate Tax Law - Jafza,https://www.jafza.ae/resource-centre/guides/jebel-ali-free-zone-uae-corporate-tax-law/,This allows businesses operating in the Jebel Ali Free Zone to benefit from a 0% Corporate Tax rate on qualifying income as specified by the relevant Corporate ...
uae corporate tax free zone,6,Understanding Free Zone Taxation and QFZP Benefits in the UAE,https://www.youtube.com/watch?v=GKWZvuLY9NY,"... UAE Corporate Tax (CT) Law. Learn about the 0% tax on Qualifying Income and 9% on non-Qualifying Income, and discover why some companies might"
uae corporate tax free zone,7,Free Zone Corporate Tax in UAE - Reyson Badger,https://www.reyson.ae/free-zone-corporate-tax,"A 9% tax rate is applied to any income above AED 375,000. Many Free Zone businesses are tax-free on ""Qualifying Income"" by meeting certain criteria. ... Any ..."
uae corporate tax free zone,8,Corporate Tax for Free Zone Person and Mainland - BMS Auditing,https://www.bmsauditing.com/blogs/corporate-tax-for-uae-free-zones-and-mainland,"From June 2023, a corporate tax of 0% or 9% may be subjected to Free Zone Businesses and Qualifying Free Zone Persons based on their Qualifying income."
uae corporate tax free zone,9,Free Zone Entities & Corporate Tax In The UAE | Motei & Associates,https://motei.com/free-zone-entities-corporate-tax-in-the-uae-common-misconceptions-that-could-lead-to-penalties-and-jeopardize-tax-compliance/,"Clarification: All free zone entities are subject to UAE Corporate Tax. To benefit from the 0% rate, an entity must qualify as a “Qualifying ..."
uae vat registration threshold,1,Federal Tax Authority - Registration For VAT,https://tax.gov.ae/en/taxes/Vat/vat.topics/registration.for.vat.aspx,"The mandatory registration threshold is AED 375,000. This threshold is not applicable to foreign businesses. Voluntary Registration. A BUSINESS MAY APPLY TO ..."
uae vat registration threshold,2,VAT UAE Guide 2025 | What You Need to Know - Taxually,https://www.taxually.com/manuals/uae,"The UAE VAT registration threshold for resident businesses is AED 375,000 in annual taxable turnover. Businesses exceeding this threshold must register for UAE ..."
uae vat registration threshold,3,United Arab Emirates - Corporate - Other taxes,https://taxsummaries.pwc.com/united-arab-emirates/corporate/other-taxes,"For UAE resident businesses, the mandatory VAT registration threshold is AED 375,000 and the voluntary registration threshold is AED 187,500. No ..."
uae vat registration threshold,4,VAT Registration Threshold Calculation UAE | Tally Solutions,https://tallysolutions.com/mena/uae-vat/vat-turnover-threshold-calculation-uae/?srsltid=AfmBOoql3Taxq52ZcTIP6CxO2xImVYq0v_yXosDfsfWjgG_m64thLYmu,"The turnover of Rose General Stores for VAT registration is AED 625,000 which has exceeded the mandatory registration threshold of AED 375,000. Thus, Rose ..."
uae vat registration threshold,5,"VAT Registration in UAE: When You Need It, Thresholds & Real FAQs",https://www.alphapartners.co/blog/vat-registration-questions-uae,"Your business must register for VAT if it is registered in the UAE and your annual turnover exceeds AED 375,000. This is based on your revenue ..."
uae vat registration threshold,6,VAT Registration Threshold Calculation UAE,https://thevatconsultant.com/vat-registration-threshold-calculation-uae,FTA had classified the ways of VAT registration into 2 ways. First one is “Mandatory Registration” with the threshold value of AED 375000.
uae vat registration threshold,7,What is the VAT Threshold for Registration in the UAE?,https://www.capstone-books.com/blog/what-is-the-vat-threshold-for-registration-in-the-uae,"What is the VAT Threshold? · Mandatory Registration Threshold: AED 375,000 · Voluntary Registration Threshold: AED 187,500. Mandatory ..."
uae vat registration threshold,8,UAE: What is VAT registration threshold? - Dubai - Gupta Accountants,https://www.guptaaccountants.com/what-is-vat-registration-threshold-in-uae.html,"The threshold for mandatory VAT registration is set at AED 375,000 in annual taxable supplies. This means that any business exceeding this revenue figure in ..."
uae vat registration threshold,9,Eligibility for Registration | Wafeq,https://www.wafeq.com/en-ae/uae-vat-guide/registration-for-vat/eligibility-for-registration,"Mandatory VAT registration: Businesses whose taxable supplies and imports within the UAE exceed the mandatory registration threshold of AED 375,000 during the ..."
uae vat registration threshold,10,Do I have to register for VAT in the UAE? - Pro Partner Group,https://www.propartnergroup.com/faq/do-i-have-to-register-for-vat-in-uae/,"VAT registration is mandatory for all businesses whose taxable supplies and imports for the previous 12 months exceed AED 375,000 or if any company expects to ..."
uk uae double tax treaty,1,United Arab Emirates: tax treaties - GOV.UK,https://www.gov.uk/government/publications/united-arab-emirates-tax-treaties,The Double Taxation Convention was signed on 12 April 2016. The Double Taxation Convention entered into force on 25 December 2016. The Convention shall enter ...
uk uae double tax treaty,2,[PDF] 2016 UK-UAE Double Taxation Convention – in force - GOV.UK,https://assets.publishing.service.gov.uk/media/5da850dce5274a5ca94bb5cc/2016_UK-UAE_Double_Taxation_Convention___in_force.pdf,This document presents the synthesised text for the application of the Convention between the United Kingdom of Great Britain and Northern Ireland and the ...
uk uae double tax treaty,3,UK–UAE Double Taxation Agreement: How to Avoid Paying Tax Twice,https://ibissandco.com/international-taxation/uk-uae-double-taxation-agreement/,Yes. The UK has a tax treaty with the UAE including Dubai. This treaty avoid double taxation on income for residents and businesses with ties to both countries.
uk uae double tax treaty,4,UAE and UK double tax treaty explained - RHJ Accountants,https://rhjaccountants.com/uae-and-uk-double-tax-treaty-explained/,The UAE and UK double tax treaty is an agreement between the two countries. This agreement aims to prevent individuals and businesses from being taxed twice on ...
uk uae double tax treaty,5,UNITED ARAB EMIRATES (DOUBLE TAXATION CONVENTION),https://library.croneri.co.uk/cch_uk/bit/uae2016x,UNITED ARAB EMIRATES (DOUBLE TAXATION CONVENTION) · Article 1: Persons covered · Article 2: Taxes covered · Article 3: General definitions · Article 4: Resident.
uk uae double tax treaty,6,UK–UAE Double Tax Treaty – What You Need to Know,https://www.fbsemirates.com/uk-uae-double-tax-treaty/,UK–UAE Double Tax Treaty – A Double Taxation agreement between the UK and the UAE was signed on 12 April 2016 and was effective from 25th December 2016.
uk uae double tax treaty,7,UAE–UK Double Tax Treaty: Comprehensive Guide,https://www.creationbc.com/news/uae-uk-double-tax-treaty/,"The UAE–UK Double Taxation Agreement brings several key benefits. It removes the UK withholding tax on dividends, interest, and royalties. The Corporate Tax ..."
uk uae double tax treaty,8,UK/UAE double tax agreement in force - Practical Law,https://uk.practicallaw.thomsonreuters.com/w-005-4311?transitionType=Default&contextData=(sc.Default),"The UK/UAE double tax agreement, which was signed in Dubai on 12 April 2016, entered into force on 25 December 2016."
uk uae double tax treaty,9,5 Legal Steps to Avoid UK Tax While Living in Dubai | Mike Coady,https://mikecoady.com/blog/avoid-double-taxation-between-uae-uk/,The UK UAE double taxation agreement works by assigning taxing rights to specific types of income based on where the recipient is resident. For ...
uk dividends when living in dubai,1,The UK-UAE Double Tax Treaty - Titan Wealth International,https://titanwealthinternational.com/learn/uk-uae-double-tax-treaty/,"For instance, if a UAE company pays dividends to a UK resident, only the UK can tax those dividends. However, if a UAE company derives profit ..."
uk dividends when living in dubai,2,UK Resident with Dubai Dividends : r/UKPersonalFinance - Reddit,https://www.reddit.com/r/UKPersonalFinance/comments/1s9q5o3/uk_resident_with_dubai_dividends/,"if you've earned under £50k, it'll be 20%, more, it'll be 40%. I.E. because UAE doesn't charge tax, it'll be taxed as normal additional income ..."
uk dividends when living in dubai,3,A Guide for UK Business Owners Moving to Dubai - Mike Coady,https://mikecoady.com/blog/how-uk-business-owners-can-access-retained-profits-by-moving-to-dubai-the-ultimate-guide/,UK dividends are taxable unless residency is structured correctly. Avoid tax by fully breaking UK tax residency before taking dividends. UAE ...
uk dividends when living in dubai,4,2016 UK-UAE Double Taxation Convention - GOV.UK,https://www.gov.uk/government/publications/united-arab-emirates-tax-treaties/2016-uk-uae-double-taxation-convention,Dividends paid by a company which is a resident of a Contracting State to a resident of the other Contracting State may be taxed in that other ...
uk dividends when living in dubai,5,Dubai Income Tax for UK Expats: How It Impacts Your Business,https://www.meydanfz.ae/relocation-dubai-uk/dubai-income-tax-for-uk-expats,"No Dividend Tax in Dubai. Dividends paid to individuals in Dubai are generally not subject to tax, whereas in the UK dividend income is ..."
uk dividends when living in dubai,6,Take tax free dividends when living overseas! - Instagram,https://www.instagram.com/reel/DHB2qMHs7Kh/,"You can keep your UK company in place and as a non-resident you won't be subject to UK tax on those dividends, if you're based in Dubai you could recieve them ..."
uk dividends when living in dubai,7,UK tax for UK residents on foreign income and gains,https://www.litrg.org.uk/international/uk-tax-uk-residents-foreign-income-and-gains,"In general, foreign income and gains are taxable on UK resident taxpayers. However, there are some important exceptions."
uk dividends when living in dubai,8,Uk dividends to a Dubai resident | AccountingWEB,https://www.accountingweb.co.uk/any-answers/uk-dividends-to-a-dubai-resident,Article 10 of the UK /UAE double tax treaty seems to suggest that where a UK company pays dividends to an individual now resident in UAE that they are not ...
uk dividends when living in dubai,9,UK Expat Tax Advice when Leaving Dubai or Returning to the UK,https://alexander.co.uk/news/uk-expat-tax-advice-when-leaving-dubai-or-returning-to-the-uk/,Certain UK dividends or pension payments. Income earned in Dubai normally remains outside UK taxation. If you become UK tax resident. If UK ...
uk pension when moving to dubai,1,The new State Pension: If you've lived or worked abroad - GOV.UK,https://www.gov.uk/new-state-pension/living-and-working-overseas,You might be eligible for an overseas state pension as well as the new State Pension in the UK. You'll be asked to provide details about time spent abroad ...
uk pension when moving to dubai,2,UK Pension in the UAE: How Expats Legally Pay 0% Tax on ...,https://www.skyboundwealth.com/technical-guides/uk-pension-in-the-uae-how-expats-legally-pay-0-tax-on-retirement-income,"The UAE is one of the world's most pension-friendly jurisdictions for British expats, offering genuine 0% income tax on UK pension payments."
uk pension when moving to dubai,3,What happens to my pension if I move abroad? - Legal & General,https://www.legalandgeneral.com/retirement/pensions/guides/what-happens-pension-moving-abroad/,"When you move abroad, you'll probably become a non-UK resident for tax purposes. But if your pension stays in the UK, the government will tax it as UK income."
uk pension when moving to dubai,4,What happens to my pension if I retire abroad? - MoneyHelper,https://www.moneyhelper.org.uk/en/pensions-and-retirement/taking-your-pension/moving-living-and-retiring-abroad,"If you move overseas, you usually have two options for your UK pension – leave it where it is or take it with you. Option 1: Leave your pension where it is. You ..."
uk pension when moving to dubai,5,Living abroad – and what it could mean for taking your pension,https://tweedwealth.co.uk/living-abroad-and-what-it-could-mean-for-taking-your-pension/,"This means UK pensions can be paid gross and with no liability in the UAE.” In other words, UK pensions can be taken tax-free, with no UK or UAE ..."
uk pension when moving to dubai,6,QROPS Dubai - UK Pensions for Expats,https://www.pensionsforexpats.co.uk/regions/retiring-to-dubai-tax-for-expats-qrops-dubai/,We have put together Dubai specific pension information for expats. We also focus on the main tax considerations for expats in Dubai.
uk pension when moving to dubai,7,UK Pensions for Dubai Residents: What are the Tax Rules and ...,https://www.alliotts.com/articles/uk-pensions-for-dubai-residents-what-are-the-tax-rules-and-options/,"If you were an active member of a pension scheme in the UK before you became non-resident, you can continue to contribute up to £2,880 per year ..."
uk pension when moving to dubai,8,Moving to UAE : r/PensionsUK - Reddit,https://www.reddit.com/r/PensionsUK/comments/1p96peq/moving_to_uae/,"Unless you intend to keep living in the UAE, and actually even if you keep living in the UAE, there's still no real benefit. Growth within the ..."
uk pension when moving to dubai,9,Best Pension Transfer Options for UK Expats in Dubai,https://kevincrowther.com/blogs/best-pension-transfer-options-for-uk-expats-in-dubai/,"Yes, you can continue contributing to your UK pension while living in Dubai, subject to certain conditions. It's important to understand the ..."
uk isa when moving abroad,1,Individual Savings Accounts (ISAs): If you move abroad - GOV.UK,https://www.gov.uk/individual-savings-accounts/if-you-move-abroad,"If you open an Individual Savings Account (ISA) in the UK then move abroad and become a non-UK resident, you cannot put money into it."
uk isa when moving abroad,2,Should you keep your UK ISAs when moving and living abroad?,https://www.blevinsfranks.com/uk-isas-abroad/,"You are not obliged to sell your ISAs when leaving the UK, and you can continue to own them as a non-UK resident."
uk isa when moving abroad,3,ISA residency rules: moving overseas explained - Royal London for ...,https://adviser.royallondon.com/technical-central/isa/isa-residency-rules-moving-overseas-explained/,"If you move abroad, your ISA can remain open, but new subscriptions are generally not allowed. Key facts. Only those aged 18 or over can open a ..."
uk isa when moving abroad,4,Risks of investing using ISA while living abroad : r/UKPersonalFinance,https://www.reddit.com/r/UKPersonalFinance/comments/1hs9hoc/risks_of_investing_using_isa_while_living_abroad/,"The most likely consequence is that your ISA will be voided, with the funds returned to you net of tax. You would probably also be prevented ..."
uk isa when moving abroad,5,What happens to my ISA if I move abroad? - Danske Bank,https://danskebank.co.uk/personal/products/savings/guides/what-happens-to-my-isa-if-i-move-abroad,"Outside the European Union: Moving outside the EU generally allows you to keep your existing Cash ISA open, continuing to earn interest without tax deductions."
uk isa when moving abroad,6,Can you keep an ISA if you move abroad from the UK? - Wise,https://wise.com/gb/blog/keep-isa-moving-abroad,"Yes, you can keep your cash ISA when you move abroad. However, you won't be able to make any more contributions to it."
uk isa when moving abroad,7,What happens to my ISA account if I move abroad?,https://help.cushon.co.uk/hc/en-gb/articles/12830718562588-What-happens-to-my-ISA-account-if-I-move-abroad,"Don't worry, they don't disappear when you leave the UK, but there will be restrictions on how you can use them. You will also be blocked from opening new ..."
uk isa when moving abroad,8,Can I Keep My Lifetime ISA If I Move Abroad or Go Travelling?,https://www.tembomoney.com/learn/can-i-keep-my-lifetime-isa-if-i-move-abroad-or-go-travelling,"You can keep paying into your Lifetime ISA as normal. So if you travel a lot, this won't impact your LISA contributions unless you spend fewer than 91 days in ..."
uk isa when moving abroad,9,How an ISA Works if You Move Abroad: UK Expat Guide to ...,https://acemoneytransfer.com/blog/how-an-isa-works-if-you-move-abroad-uk-expat-guide-to-understanding-isas,"Yes, you can keep your existing ISA open even after you move abroad. However, you won't be allowed to make new contributions unless you're a ..."
uk isa when moving abroad,10,Managing Your UK ISA When Moving Abroad - LinkedIn,https://www.linkedin.com/pulse/managing-your-uk-isa-when-moving-abroad-mark-barrett-dgqje,"If you plan to keep your Cash ISA while living in Europe, it's best to understand how local taxes might affect your returns. Stocks & Shares ..."
selling uk property as non resident,1,Tax if you live abroad and sell your UK home - GOV.UK,https://www.gov.uk/tax-live-abroad-sell-uk-home,"You may have to pay tax when you sell (or 'dispose of') your UK home if you're not UK resident for tax purposes. Even if you have no tax to pay, you must tell ..."
selling uk property as non resident,2,Selling property in the UK as a non-resident: A complete guide - Wise,https://wise.com/gb/blog/selling-property-in-the-uk-non-resident,"Non-residents are liable for Capital Gains Tax (CGT) on profits from UK property at rates between 18% and 24%, with a current personal allowance of £3,000."
selling uk property as non resident,3,Non-residents and capital gains tax | Low Incomes Tax Reform Group,https://www.litrg.org.uk/savings-property/capital-gains-tax/non-residents-and-capital-gains-tax,"Non-residents are liable to capital gains tax on assets situated in the UK if they are carrying on a trade in the UK, and the asset sold is a UK ..."
selling uk property as non resident,4,Work out your tax if you're a non-resident selling UK property or land,https://www.gov.uk/guidance/capital-gains-tax-for-non-residents-calculating-taxable-gain-or-loss,You can use the non-resident Capital Gains Tax calculator if you're a non-UK resident individual who's sold or given away your entire share of a UK residential ...
selling uk property as non resident,5,Selling a UK property while living abroad - Experts for Expats,https://www.expertsforexpats.com/advice/property-mortgage/selling-a-uk-property-when-living-abroad,Selling a UK property when living abroad is naturally exposed to certain bumps in the road including currency fluctuations and delays.
selling uk property as non resident,6,Non-resident landlords selling UK property – How might it affect your ...,https://www.lubbockfine.co.uk/blog/non-resident-landlords-selling-uk-property-how-might-it-affect-your-tax-bill/,"If you live outside the UK and are selling a UK property, there is a good chance you will still have a UK tax liability."
selling uk property as non resident,7,UK Property Tax Rules for Non-Residents Selling Abroad - LinkedIn,https://www.linkedin.com/posts/charlton-baker_selling-your-uk-home-while-living-abroad-activity-7413921054940737536-MHy0,⦁ You MUST File a return: every non-resident seller must submit a Non-Resident Capital Gains Tax (NRCGT) return within 60 days of completion.
selling uk property as non resident,8,Capital Gains Tax on UK Property: A Guide for U.S. Expats,https://www.greenbacktaxservices.com/blog/guide-capital-gains-tax-uk-property/,"Selling UK property as a US expat? Learn about the £3000 CGT allowance, 60-day reporting rule, and how to avoid double taxation with the ..."
selling uk property as non resident,9,Advice on capital gains tax for my personal property if I become a ...,https://www.reddit.com/r/UKPersonalFinance/comments/1p5g4o0/advice_on_capital_gains_tax_for_my_personal/,"For CGT if you are not living at a property when you sell you work out what fraction of the time was it not your main residence, then multiple ..."
selling uk property as non resident,10,Tax implications for non-residents holding UK property - BDO,https://www.bdo.co.uk/en-gb/insights/tax/private-client/tax-implications-for-non-residents-holding-uk-property,Gains of non-resident individuals and certain trustees are subject to capital gains tax (CGT) at rates of up to 24%. A disposal of property must ...
uk capital gains tax leaving uk,1,Leaving the UK - Capital Gains Tax implications,https://trinityfinancial.ie/leaving-the-uk-capital-gains-tax-implications/,"If you leave the UK within 6 years of receiving a gift that you elected to hold over the gains, a CGT charge could be triggered on the whole of the held over ..."
uk capital gains tax leaving uk,2,Leaving the UK - breaking tax residence - BDO,https://www.bdo.co.uk/en-gb/insights/tax/private-client/leaving-the-uk,If you were resident in the UK for none of the preceding three tax years the limit is 45 days; If you work abroad 'full-time' (about 35 hours ...
uk capital gains tax leaving uk,3,Non-residents and capital gains tax | Low Incomes Tax Reform Group,https://www.litrg.org.uk/savings-property/capital-gains-tax/non-residents-and-capital-gains-tax,"Capital gains tax generally only applies if you are resident in the UK. However, in certain circumstances you can also be liable if you sell ..."
uk capital gains tax leaving uk,4,UK tax exit charges: the hidden costs of leaving the UK,https://www.taxadvisermagazine.com/article/uk-tax-exit-charges-hidden-costs-leaving-uk,"Although the UK does not levy an explicit exit tax, those leaving must account for the loss of multiple valuable tax reliefs and the potential for retroactive ..."
uk capital gains tax leaving uk,5,Tax if you live abroad and sell your UK home - GOV.UK,https://www.gov.uk/tax-live-abroad-sell-uk-home,As a non-resident you only pay tax on any gain made since 5 April 2015. You may get some tax relief. When you get tax relief. In most cases you do not pay any ...
uk capital gains tax leaving uk,6,Moving abroad? A guide to the tax implications of leaving the UK,https://www.rousepartners.co.uk/tax-implications-of-leaving-the-uk/,"Exit Tax: Deemed disposals and capital gains. While the UK doesn't impose a blanket exit tax, if you are still considered a UK tax resident ..."
uk capital gains tax leaving uk,7,"UK Capital Gains Tax for non-residents: Rules, rates, reporting ...",https://www.expertsforexpats.com/advice/tax/uk-capital-gains-tax,"In the UK, Capital Gains Tax for residential property is charged at the rate of 24% where the total taxable gains and income are above the ..."
uk capital gains tax leaving uk,8,UK exit tax: What is it and is there one in the UK? - Wise,https://wise.com/gb/blog/uk-exit-tax,"Tax implications when leaving the UK. You won't have to pay a capital gains tax or other kind of exit tax when leaving the UK, but there are ..."
uk capital gains tax leaving uk,9,How to Become a Tax Exile | Taxcafe,https://www.taxcafe.co.uk/resources/howtobecomeataxexile.html,A non-resident may be able to avoid both UK income tax and capital gains tax. Find out what it takes to become a tax exile.
transferring uk limited company to dubai,1,Guide to Moving UK Business to Dubai,https://www.creationbc.com/en-uk/guide-to-moving-uk-business-to-dubai/,"Yes, a UK citizen can move to Dubai, provided they get a job, and the Dubai company will sponsor and provide a UAE residency visa. Another option is if you move ..."
transferring uk limited company to dubai,2,Moving your business to Dubai - UK Tax Planning and Important ...,https://esdgaccountancy.com/post/moving-your-business-to-dubai-uk-tax-planning-and-important-considerations/,"In this guide updated for 2024, we dive into the essentials of relocating to Dubai, focusing particularly on the tax implications for UK residents and business ..."
transferring uk limited company to dubai,3,Can you relocate a company from the UK to Dubai? - YouTube,https://www.youtube.com/watch?v=f41X_hIIDx0,Comments · Expat lawyer reveals why everyone's moving to Dubai · Can You Benefit From Setting Up a Company in Dubai Whilst Still Living in the UK?
transferring uk limited company to dubai,4,Can I Keep My UK Company While Living in Dubai?,https://www.yahesaaccounting.com/post/can-i-keep-my-uk-company-while-living-in-dubai,Yes — you can keep your UK Ltd while living in Dubai.But the tax rules depend on where the company is managed and controlled.
transferring uk limited company to dubai,5,Tax risks for business owners moving to Dubai - Alliotts,https://www.alliotts.com/articles/tax-risks-for-business-owners-moving-to-dubai/,"The UAE is known for its beneficial tax regime, but business owners need to plan their move carefully and take expert advice."
transferring uk limited company to dubai,6,Can I move my UK limited company to a different country?,https://www.1stformations.co.uk/blog/can-i-move-my-limited-company-to-a-different-country/,The only way to officially move your company's registration to another country is to dissolve it and incorporate a new company in the preferred jurisdiction.
transferring uk limited company to dubai,7,Moving your UK business or setting up a business in Dubai and the ...,https://www.hawsons.co.uk/moving-your-uk-business-or-setting-up-a-business-in-dubai-and-the-uae/,Individuals and businesses looking to set up or move their business to the UAE seek advice on tax structures and requirements in the UAE before making the move.
transferring uk limited company to dubai,8,I would like to move my business AND my team to Dubai ... - Reddit,https://www.reddit.com/r/dubai/comments/1fb5t9a/i_would_like_to_move_my_business_and_my_team_to/,Really a breeze but a bit pricey. Setup a legal entity either in mainland or Freezone. The immigration card is part of the license in ...
transferring uk limited company to dubai,9,Can You Keep Your UK Limited Company After Moving to Dubai?,https://www.youtube.com/watch?v=qp3XIQMcBHY,"... UK Limited Company After Moving to Dubai? (99) In this video, I'll explain exactly what happens when you relocate to the UAE while still ..."
running uk agency from dubai,1,Exclusive Pathway for UK Work Visa from Dubai,https://millerncarter.ae/uk-work-permit-dubai,"With Miller & Carter, you get licensed support for your UK work visa from Dubai, guided exclusively by UK-based consultants. We make the entire process simple, ..."
running uk agency from dubai,2,Contracting for UK clients remotely in the UAE (Dubai) - Reddit,https://www.reddit.com/r/ContractorUK/comments/1lq0cv8/contracting_for_uk_clients_remotely_in_the_uae/,"Hello, I'm currently contracting for a UK client working through my own Ltd company. My plan is to move to Dubai eventually with my partner ..."
running uk agency from dubai,3,Dubai & Middle East Recruitment Agency | UAE Global Recruiters,https://www.robertwalters.co.uk/contact-us/middle-east.html,Middle East-based recruitment specialists offering global solutions to help businesses hire and candidates find their next role. Get in touch today.
running uk agency from dubai,4,Run a digital marketing agency? You're eligible for a UK Self ...,https://www.instagram.com/p/DMMkY_HMn9N/?hl=en,Run a digital marketing agency? · Want your business to stand out online in Dubai? · Make Your Immigration Agency Impossible to Ignore!
running uk agency from dubai,5,United Kingdom – altareqconsultancy,https://altareqconsultancy.com/united-kingdom/,UK Immigration Consultants In Dubai. We provide complete immigration solutions for individuals seeking to relocate to the United Kingdom. Our expert services ...
running uk agency from dubai,6,Hello co-expats Just wondering if any of you knows a UK- Based,https://www.facebook.com/groups/dbexpats/posts/1772637290125654/,"Hi everyone, I'm currently exploring opportunities in Dubai bringing over 10 years of experience working in the UK. I've got social housing , ..."
running uk agency from dubai,7,Account Executive Trying to Transition from Dubai to London - Reddit,https://www.reddit.com/r/PublicRelations/comments/1oocsnp/account_executive_trying_to_transition_from_dubai/,"Your best bet would be to try and get a job at an agency that has offices in Dubai and London, starting in the Dubai office - once you have ..."
running uk agency from dubai,8,UK Visa from Dubai — Expert Application Service 2026,https://greenappletravel.ae/country/UKTravel,"UK visa application from Dubai. Tourist, business, and student visa assistance. Appointment booking and document preparation."
running uk agency from dubai,9,Dubai Recruitment Jobs - Permanent People,https://www.permanentpeople.co.uk/dubai-recruitment-jobs/,"Our clients are looking for UK relocating recruiters with sector experience in their specialism, to work on positions in the following sectors."
running uk agency from dubai,10,UK Immigration Consultants Dubai - Unity Partners,https://www.unitypartners.ae/uk-immigration-consultants-dubai/,We specialize in comprehensive immigration solutions for those interested in relocating to the UK. Our services cover a range of visa programs.
uk client work invoiced from dubai,1,UK contractor paid through UAE consultancy for UK client - Reddit,https://www.reddit.com/r/ContractorUK/comments/1nv3wql/uk_contractor_paid_through_uae_consultancy_for_uk/,Email a polite reminder on Day 35 after invoice and stop all work on day 42. Include a risk price in your rate. Don't bother with deel they are ...
uk client work invoiced from dubai,2,Non-Resident Director Invoicing UK From Dubai Company,https://www.justanswer.com/uk-tax/nwg6c-run-uk-ltd-company-non-resident-director-years.html,A non-resident director forming a Dubai company can invoice their UK Ltd for services if the business license permits. Ensure the invoices ...
uk client work invoiced from dubai,3,Hi all! Just wanted to see if anyone can help: I am a UK - Facebook,https://www.facebook.com/groups/dxbinsiders/posts/587961079950779/,"Can a British citizen who is tax resident in Dubai operate as a self-employed individual and invoice a single UK-based company, where they are ..."
uk client work invoiced from dubai,4,https://community.hmrc.gov.uk/customerforums/bt/54...,https://community.hmrc.gov.uk/customerforums/bt/544c1f07-4970-ef11-a4e5-002248c8e4c3,
uk client work invoiced from dubai,5,Can i open a Dubai company to invoice my UK ... - OffshoreCorpTalk,https://www.offshorecorptalk.com/threads/can-i-open-a-dubai-company-to-invoice-my-uk-company-for-expenses.27335/,"It's possible to invoice if on arms length, but you probably have to prepare related party documentation in the UK."
uk client work invoiced from dubai,6,UAE Company making Sub in UK & Employee | AccountingWEB,https://www.accountingweb.co.uk/any-answers/uae-company-making-sub-in-uk-employee,"All our clients have business interest in UAE, and hence the Parent company of the UK Sub will invoice the UAE incorporation of our clients - ..."
uk client work invoiced from dubai,7,Invoicing Overseas Customers - Wise,https://wise.com/gb/blog/invoicing-overseas-customers,"A helpful guide on how to invoice overseas customers, for small UK businesses looking to expand internationally."
uk client work invoiced from dubai,8,Do UK Clients Pay VAT When You Invoice Them From Dubai?,https://dubaishift.com/do-uk-clients-pay-vat-when-you-invoice-them-from-dubai/,"Digital or automated services supplied to UK consumers are generally subject to UK VAT, even when invoiced from a Dubai company. If the service is: General ..."
uk client work invoiced from dubai,9,VAT on invoice for work abroad via UK agent? - UK Business Forums,https://www.ukbusinessforums.co.uk/threads/vat-on-invoice-for-work-abroad-via-uk-agent.340412/,Recently we performed in Dubai for a Dubai based business client. This work was arranged through a UK based VAT registered entertainment agency.
uk client work invoiced from dubai,10,Tax Accountant Dubai | Non-resident UK Tax Accounting,https://smoothaccounting.co.uk/services/dubai-tax-accountant/,Our UK based chartered accountants are specialists in UK tax for non-residents/expats living in Dubai and can give you the clarity you're looking for.
vat on uk services billed from uae,1,VAT on services from abroad - GOV.UK,https://www.gov.uk/vat-on-services-from-abroad,If your business buys services from outside the UK a rule called the 'reverse charge' applies. This means there will be no tax for you to pay.
vat on uk services billed from uae,2,VAT on supply of services to customers outside the UK | ACCA Global,https://www.accaglobal.com/uk/en/technical-activities/uk-tech/in-practice/2022/september/vat-on-supply-of-services-to-customers-outside-uk.html,"So, accountants would not charge VAT to any overseas client from 1 January 2021. B2B services remain basic rule while B2C services are covered by Para 16. There ..."
vat on uk services billed from uae,3,Work out your place of supply of services for VAT rules - GOV.UK,https://www.gov.uk/guidance/vat-how-to-work-out-your-place-of-supply-of-services,"If you're in the UK and the place of supply of your service is in an EU country, you do not pay UK VAT. But for some supplies, you may need to register and ..."
vat on uk services billed from uae,4,Should my client be paying VAT if services are supplied to UAE?,https://www.taxinsider.co.uk/should-my-client-be-paying-vat-if-services-are-supplied-to-uae,"If you look at section 2.1, it states that where the place of supply of services is outside the EU, then that supply is not liable to both UK and EU VAT."
vat on uk services billed from uae,5,Is Vat chargeable on services carried out in UAE for UK based ...,https://www.accountingweb.co.uk/any-answers/is-vat-chargeable-on-services-carried-out-in-uae-for-uk-based-company,"The place of supply of services is subject to a standard rule, namely that VAT is due in the place where the customer is based."
vat on uk services billed from uae,6,"UK VAT on international services: place of supply, belonging, B2B ...",https://www.tolley.co.uk/tax/guidance/international-services-overview,The following Value Added Tax guidance note provides comprehensive and up to date tax information on International services ― overview.
vat on uk services billed from uae,7,We are a VAT company registered in the UK. We have a - JustAnswer,https://www.justanswer.co.uk/tax/ta1k4-vat-company-registered-uk.html,You only reverse-charge the service part; the UAE VAT on local expenses is an irrecoverable cost in the UK.Has everything been clarified ...
vat on uk services billed from uae,8,Understanding VAT on Services Abroad - Q Accountants,https://qaccountants.com/blog/articles/understanding-vat-on-work-carried-out-abroad,"No, VAT is not charged on services provided outside the UK. VAT is a tax that is only applicable to goods and services sold within the UK. What ..."
vat on uk services billed from uae,9,VAT on Services Provided Outside UAE | 2025 Compliance Guide,https://tulpartax.com/vat-on-services-provided-outside-uae/,"For example, a UAE-based digital marketing agency offering SEO services to a client in the UK may charge 0% VAT, provided the service is consumed abroad. Tulpar ..."
vat on uk services billed from uae,10,Selling services to overseas customers | Tax Adviser,https://www.taxadvisermagazine.com/article/selling-services-overseas-customers,"If the place of supply is outside the UK, then no UK VAT is charged. But will the place of supply depend on the supplier's country, the ..."
cost of living dubai vs london,1,"Cost of Living Comparison Between Dubai, United Arab Emirates ...",https://www.numbeo.com/cost-of-living/compare_cities.jsp?country1=United+Arab+Emirates&city1=Dubai&country2=United+Kingdom&city2=London,"Indices Difference, Info. Cost of Living in London is 39.1% higher than in Dubai (excluding rent). Cost of Living Including Rent in London is 34.0% higher ..."
cost of living dubai vs london,2,Guide to the Cost of Living in Dubai vs the UK - Gerson Relocation,https://gersonrelocation.com/cost-of-living-dubai-vs-uk/,"On average, Dubai is up to 29% less expensive than London (excluding rent). This difference is significant, especially when you take into ..."
cost of living dubai vs london,3,Moving to Dubai from London for the same salary - Reddit,https://www.reddit.com/r/dubai/comments/1i9iy41/moving_to_dubai_from_london_for_the_same_salary/,Cost of living in Dubai is significantly cheaper than London provided you don't have school age kids.
cost of living dubai vs london,4,Dubai vs. London: Cost of Living and Lifestyle Compared - ACE-FX,https://www.ace-fx.com/blog/Destination-Middle-East/272-dubai-vs-london-cost-of-living-and-lifestyle-compared/272,"The cost of living comparison shows that while some aspects are cheaper in Dubai, such as Dubai's tax-free income, London offers advantages in ..."
cost of living dubai vs london,5,Dubai is 40% cheaper than London. May 2026 Cost of Living.,https://www.expatistan.com/cost-of-living/comparison/london/dubai,"Cost of living in Dubai (United Arab Emirates) is 40% cheaper than in London (United Kingdom) · Full price comparison, by category · Detailed prices for each city ..."
cost of living dubai vs london,6,My Cost of Living in Dubai vs London (shocking difference...),https://www.youtube.com/watch?v=9HSu_Eht2nU,Comments · Inside Britain's £48 Billion Benefits Scandal | Dispatches | Channel 4 Documentaries · Levels of INCOME in DUBAI EXPLAINED (Budget to ...
cost of living dubai vs london,7,"Dubai vs London - Cost of Living, Prices, Salary - Livingcost.org",https://livingcost.org/cost/dubai/london,"The cost of living in Dubai is 35% less expensive than in London, ENG. Cities ranked 1039th and 20th ($2420 vs $3740) in the list of the ..."
cost of living dubai vs london,8,Cost of Living in Dubai – How Does it Compare to the UK in 2025?,https://www.shipit.co.uk/blog/cost-of-living-in-dubai,"Yes, it's 37.7% cheaper to live in Dubai than in the UK (London). While Dubai offers tax-free income and certain goods and services at lower ..."
cost of living dubai vs london,9,dubai vs. london: where will your money go further? - tdm recruitment,https://www.tdm-recruitment.com/dubai-vs-london-where-will-your-money-go-further/,"The cost of living in Dubai is 25% cheaper than in London with housing, education, and transportation the biggest expenses you're likely to encounter."
cost of living dubai vs london,10,Dubai vs London: Family Cost of Living Comparison 2025,https://www.crcproperty.com/en/blog/dubai/dubai-vs-london-cost-of-living-y-family-lifestyle-compared-2025-guide,"Overall Cost of Living: Dubai vs London · A 3-bedroom apartment in the city centre is approximately AED 11,000 to AED 15,000 / month in Dubai VS £3,500 – £5,000 ..."
dubai schools for uk expats,1,The Top 10 International Schools in Dubai | Simply Learning Tuition,https://www.simplylearningtuition.co.uk/advice-for-parents/the-top-10-international-schools-in-dubai/,The Top 10 International Schools in Dubai · Jumeriah English Speaking School · Nord Anglia International School Dubai · Repton School Dubai · Dubai College · Dubai ...
dubai schools for uk expats,2,Best British School in Dubai | The English College,https://www.englishcollegedubai.com/,"Ranked among the best British schools in Dubai, The English College offers the English National Curriculum, exceptional academic outcomes, and pathways to ..."
dubai schools for uk expats,3,The best new international schools in Dubai and Abu Dhabi,https://portfolio.savills.com/insight/the-best-new-international-schools-in-dubai-and-abu-dhabi/,"Several other prestigious educational institutions have confirmed plans to launch schools in Dubai, including Rugby, Queen Elizabeth's – the ..."
dubai schools for uk expats,4,Best Secondary Schools in Dubai for Expatriates,https://dubaischolars.com/best-secondary-schools-in-dubai-for-expatriates/,"Best secondary schools in Dubai for expats — British, American & IB curriculums. Find the right school for your child today."
dubai schools for uk expats,5,Schools - KHDA,https://web.khda.gov.ae/en/Education-Directory/schools,Find Schools ; Citizens School Text. Good. Overall Rating 2024-2025. Dubai Focus Area. Good. Wellbeing rating. Good. Inclusion rating. More ...
dubai schools for uk expats,6,Education in Dubai: Top Options For UK Families & Expats,https://www.meydanfz.ae/relocation-dubai-uk/dubai-schools-uk-expats,"Explore education in Dubai with our complete guide for UK families and expats. Learn about schools, curriculums, and tips for choosing the ..."
dubai schools for uk expats,7,Schools in Dubai for Expats: What Are Your Options? - CambriLearn,https://cambrilearn.com/blog/schools-in-dubai-for-expats,"In this article, we will explore some of the important questions, concerns, and solutions when selecting a school for expats in Dubai."
dubai schools for uk expats,8,A complete guide to education in Dubai for UK families,https://www.charterhouselombard.com/a-complete-guide-to-education-in-dubai-for-uk-families,"A complete guide to education in Dubai for UK families, covering school types, British curriculum options, fees, admissions, and relocation planning."
dubai schools for uk expats,9,British Schools in Dubai: Education Options for Expats - Remitly,https://www.remitly.com/blog/en-ae/education/british-schools-in-dubai/,"Top British Schools in Dubai for Expatriate Families · 1. Dubai British School Emirates Hills · 2. The English College, Dubai · 3. Jumeirah College."
dubai healthcare for uk expats,1,"Healthcare in Dubai for Expats: Costs, Insurance & Access",https://www.shipit.co.uk/blog/healthcare-and-costs-in-dubai,"We help you understand healthcare in Dubai for expats: public vs private options, insurance tips, and how to navigate the system with ease."
dubai healthcare for uk expats,2,Private Health Insurance for UK Expats in Dubai 2026 - WeCovr,https://wecovr.com/guides/private-health-insurance-for-uk-expats-in-dubai/,Private Health Insurance for UK Expats in Dubai · GP Consultation: Can range from £70 to £150. · Annual Claim Limit (illustrative): Capped at ...
dubai healthcare for uk expats,3,An Expat's Guide to Dubai's Healthcare System,https://www.internationalinsurance.com/countries/uae/healthcare/?srsltid=AfmBOorhrMRmiUw_nXMXvOxdoLg5mZodILP-xp2FSWOdD2ZkZ6RwBOgN,"Since 2014, all residents of Dubai have been required to have medical insurance. Employers are required to provide private health insurance for all expat ..."
dubai healthcare for uk expats,4,Health - United Arab Emirates travel advice - GOV.UK,https://www.gov.uk/foreign-travel-advice/united-arab-emirates/health,"Healthcare facilities in the UAE are similar to those in the UK, but you may be stopped from using them without travel insurance or without the means to pay ..."
dubai healthcare for uk expats,5,Guide Healthcare in the UAE - Allianz Care,https://www.allianzcare.com/en/support/health-and-wellness/national-healthcare-systems/healthcare-in-uae.html,The United Arab Emirates (UAE) has a well-developed and modern healthcare sector. Expats will find quality services in both the public and private sectors.
dubai healthcare for uk expats,6,Moving from the UK to the UAE? Healthcare is one change you can't ...,https://gulfnews.com/business/moving-from-the-uk-to-the-uae-healthcare-is-one-change-you-cant-ignore-1.500396379,"Health insurance is mandatory across the UAE, but Cotterill stressed that compliance alone is not enough. “Not all policies are the same,” she ..."
dubai healthcare for uk expats,7,Understanding Dubai's Healthcare System | William Russell,https://www.william-russell.com/blog/get-to-know-dubais-healthcare-system/,Accessing Dubai's healthcare services. Expats can use both private and public healthcare facilities. Public hospitals now widely accept private health insurance ...
dubai healthcare for uk expats,8,Health insurance for foreigners/travelers : r/dubai - Reddit,https://www.reddit.com/r/dubai/comments/1ta7jk6/health_insurance_for_foreignerstravelers/,Budget friendly health insurance options for golden visa holders ... A sub to discuss all things Dubai and UAE. Keep conversation respectful. 0 ...
dubai healthcare for uk expats,9,Health Insurance and Costs in Dubai | MoveHub,https://www.movehub.com/uk/moving-abroad/uae/dubai/health-insurance/,"Expats in Dubai can access public healthcare services, but they must pay for a health card, and then pay a fee each time they use the services."
dubai property purchase as uk citizen,1,"How to buy, rent or let property in the UAE - GOV.UK",https://www.gov.uk/guidance/how-to-buy-property-in-the-uae,"You find a property and place a formal offer, normally through the agent. If the offer is accepted then a deposit should be paid (usually 10%)."
dubai property purchase as uk citizen,2,How to Buy Property in Dubai as a UK Citizen - Intra-Capital Estates,https://intracapitalestates.co.uk/dubai-investors/how-to-buy-a-house-in-dubai/,How to buy property in Dubai as a foreigner · 1. Confirm you can own the Dubai property · 2. Pick a licensed broker (or go direct) · 3. Budget ...
dubai property purchase as uk citizen,3,Buying Property in Dubai as a Brit: 2025 Guide - Properstar,https://www.properstar.co.uk/real-estate-guides-and-advice/uae/dubai,"Yes, British citizens can easily purchase property in Dubai, thanks to clear regulations and a welcoming legal framework. Dubai allows non-residents and ..."
dubai property purchase as uk citizen,4,Dubai Investing for UK Landlords - Is it so good? - Reddit,https://www.reddit.com/r/uklandlords/comments/1mh7mko/dubai_investing_for_uk_landlords_is_it_so_good/,"Dubai property can be attractive with no taxes and strong rental yields, but “guaranteed ROI” schemes usually just pay you a fixed return until ..."
dubai property purchase as uk citizen,5,Find properties for sale in UAE / Dubai - Rightmove,https://www.rightmove.co.uk/overseas-property/in-uae-dubai.html,"Find your perfect property in uae-dubai, search a wide range of properties for sale in uae-dubai with Rightmove."
dubai property purchase as uk citizen,6,Buying Property in Dubai : The Ultimate Guide for Expats - Fiscal FX,https://www.fiscalfx.co.uk/buying-property-in-dubai-the-ultimate-guide-for-expats/,"Yes, foreigners can purchase property in Dubai. Non-residents can buy freehold properties in designated areas, granting full ownership rights without ..."
dubai property purchase as uk citizen,7,How UK Investors Buy Property in Dubai? - YouTube,https://www.youtube.com/watch?v=0r7_PTd23lU,... Dubai real estate as a UK resident. Linkedin: https://linkedin.com/company/xrealty-ae Instagram: https://instagram.com/xperience.realty ...
dubai property purchase as uk citizen,8,Top 8 Reasons Why the British Should Buy Property in Dubai,https://www.damacproperties.com/en/blog/eight-reasons-why-the-british-should-buy-property-in-dubai/,Top 8 Reasons Why the British Should Buy Property in Dubai · 1. Diversification · 2. Strong Real Estate Market · 3. Economic Stability · 4. Tax ...
dubai property purchase as uk citizen,9,Buying property in Dubai: A 2026 guide for investors - GuestReady,https://www.guestready.com/blog/buying-property-in-dubai/,"There are no age or residency restrictions, and foreigners can purchase freehold properties in designated zones without requiring a visa or ..."
marketing agency dubai uk founder,1,"With Zero Investment, No Experience he Built a Top Dubai ...",https://www.youtube.com/watch?v=Wz3gClItaN0,"With Zero Investment, No Experience he Built a Top Dubai Marketing Agency | #chekd 29 · Comments."
marketing agency dubai uk founder,2,‏Inaam H.‏ - ‏CEO | Brand Disrupter | UHNW & HNW Advisor |‏ | LinkedIn,https://ae.linkedin.com/in/inaamhaq786,"Inaam H. CEO | Brand Disrupter | UHNW & HNW Advisor |. Renowned Agency Dubai University College London, U. of London ..."
marketing agency dubai uk founder,3,Our Team | Web Design And Digital Marketing Agency - edirect Dubai,https://www.edirect.ae/the-team/,What started as a one man vision has blossomed into a creative full service agency. · Rudy Kazal · Suhail Kazal · Navid D.Beni · Hiba Nadeem · Sean Dominey · Andy ...
marketing agency dubai uk founder,4,Spend a day with me as a marketing agency owner in Dubai,https://www.instagram.com/reel/DXvi4gms751/,"2 likes, 0 comments - jessfromplump on April 29, 2026: ""Spend a day with me as a marketing agency owner in Dubai ""."
marketing agency dubai uk founder,5,LONDON (@renownedagency) • Instagram photos and videos,https://www.instagram.com/renownedagency/,Growth Marketing Experts. AI | Innovation | Ideation Strategy Consulting | Web Design | Branding | Digital Marketing Need To Grow Your Brand?
marketing agency dubai uk founder,6,ULEGENDARY Digital | Digital Marketing Agency | UAE - UK,https://ulegendary.com/,"ULEGENDARY Digital provides web development, digital marketing, and SEO services. Partner with us for customized IT solutions in Dubai, UAE, UK, and USA."
marketing agency dubai uk founder,7,UP Middle East - Global Marketing Agency in Dubai,https://www.upthereeverywhere.com/en/up-middle-east-dubai-marketing-agency,"UP Dubai is headed by Asra Eftekhari, a senior marketing strategist with 21 years experience in the MENA region across multiple industries: digital, retail, ..."
marketing agency dubai uk founder,8,"Digital Marketing Agency in Dubai, UAE | Free Strategy/Audit",https://www.poddigital.co.uk/digital-marketing-agency-dubai/,"Award-winning digital marketing agency in Dubai offering SEO, PPC, content, social media and Telephone AI to boost leads and business growth."
marketing agency dubai uk founder,9,Top Marketing Agency Dubai Ready to Help You Grow,https://dreamizegroup.com/contact-us/,Contact us ; Ben Asgari. Founder . CEO ben@dreamizegroup.com ; Rechel Alambra. Head Of Administration rechel@dreamizegroup.com ; Farhad Valian. Creative Director
marketing agency dubai uk founder,10,Life in Dubai As A Digital Marketing Agency Owner | TikTok,https://www.tiktok.com/discover/life-in-dubai-as-a-digital-marketing-agency-owner,Spend the day with me as a Dubai marketing agency owner LONDON EDITION!!! I am in the UK a little longer than expected… but I decided to ...
uk agency relocate to dubai,1,Moving to Dubai from the UK - International Relocation,https://gersonrelocation.com/international-removals/moving-to-dubai/,"Planning on relocating to Dubai? We've got you covered. Our guide includes everything from how to move, finding accommodation, public transport, and more."
uk agency relocate to dubai,2,Moving to Dubai - Alliotts,https://www.alliotts.com/expertise/private-client-advisory/moving-to-dubai/,Considering relocating to Dubai from the UK? Our tax advisors specialise help navigate UK tax laws to ensure a seamless transition.
uk agency relocate to dubai,3,Dubai Migration Made Simple – Expert Guidance for You,https://giecglobal.uk/migrate/migrate-to-dubai/,"Plan your migration to Dubai with expert guidance from GIEC Global UK. Explore job opportunities, visas, and lifestyle tips to make your move smooth and ..."
uk agency relocate to dubai,4,Moving To Dubai From The UK - Britannia Movers International,https://www.britannia-movers.co.uk/country-information/dubai,"If you are moving to Dubai from the UK, contact Britannia Movers International for professional, reliable global removals services and request a quote."
uk agency relocate to dubai,5,Dubai & Middle East Recruitment Agency | UAE Global Recruiters,https://www.robertwalters.co.uk/contact-us/middle-east.html,Middle East-based recruitment specialists offering global solutions to help businesses hire and candidates find their next role. Get in touch today.
uk agency relocate to dubai,6,Moving to Dubai - Cadogan Tate,https://cadogantate.com/moving-services/news/moving-to-dubai/,"Cadogan Tate provides expert international removals to Dubai — offering seamless packing, shipping, and customs coordination for a smooth relocation ..."
uk agency relocate to dubai,7,Moving to Dubai from the UK: A complete guide - Wise,https://wise.com/gb/blog/moving-to-dubai-guide,"Yes, you can move to Dubai from the UK, but you'll need a residence visa in order to live and work there.1. Those applying for a residence visa ..."
uk agency relocate to dubai,8,Moving From the Uk to Dubai - Prism 7 Relocation Services,https://prism7relocation.com/relocation-services/moving-from-the-uk/,"Prism 7 Relocation offers comprehensive support to ensure a seamless transition from the UK to the UAE, covering everything from visa assistance to real estate ..."
uk agency relocate to dubai,9,Dubai Recruitment Jobs - Permanent People,https://www.permanentpeople.co.uk/dubai-recruitment-jobs/,"Our clients are looking for UK relocating recruiters with sector experience in their specialism, to work on positions in the following sectors."
