score,keyword,suggested_category,volume,difficulty,intent,cpc,market
525,agency accounting,Agency Finance Essentials,390,10,"L, C",1.88,uk
385,accountants for marketing agencies,Agency Finance Essentials,210,2,"L, C",3.23,uk
375,accountant for marketing agency,Agency Accountant Services,210,4,"L, C",3.23,uk
375,accounting and finance agencies,Agency Finance Essentials,260,14,"L, C",0.89,uk
345,accountants for marketing agency,Agency Finance Essentials,210,10,"L, C",3.23,uk
250,seo agency for accountants,Agency Finance Essentials,90,5,"L, C",0,uk
245,finance agencies,Agency Finance Essentials,140,16,"L, C",1.08,uk
220,ad agency accounting software,Agency Finance Essentials,70,,,0,uk
215,accounting in advertising agency,Agency Finance Essentials,50,4,"L, C",0,uk
210,private agency,Tax and Compliance,110,17,"L, C",1.45,uk
210,accountants for advertising agencies,Agency Finance Essentials,50,5,"L, C",0,uk
205,innovative agencies,Tax and Compliance,170,34,"L, C",1.35,uk
200,accounting for marketing agencies,Agency Finance Essentials,50,,,0,uk
190,accounting for advertising agencies,Agency Finance Essentials,50,4,I,0,uk
185,advertising agency financial management and accounting,Agency Finance Essentials,40,8,"L, C",0,ae
185,advertising agency accounting software,Agency Finance Essentials,90,13,I,0,uk
185,accountants for creative agencies,Agency Finance Essentials,50,10,"L, C",0,uk
185,accountants for digital agencies,Agency Finance Essentials,10,2,"L, C",0,uk
180,accountants for agencies,Agency Finance Essentials,40,9,"L, C",5.68,uk
180,media agency accounting,Agency Finance Essentials,0,1,"L, C",0,uk
175,accountant web design agency,Agency Finance Essentials,10,4,"L, C",0,uk
175,accountant seo agency,Agency Finance Essentials,10,4,"L, C",0,uk
175,media agency accounting services,Agency Finance Essentials,0,2,"L, C",0,uk
170,accountancy ppc company,Agency Finance Essentials,0,3,"L, C",0,uk
170,accountancy ppc services,Agency Finance Essentials,0,3,"L, C",0,uk
170,advertising agency accounting,Agency Finance Essentials,20,,,0,uk
170,ad agency accounting,Agency Finance Essentials,20,,,0,uk
165,accounting and finance agencies in london,Agency Finance Essentials,10,6,"L, C",0,uk
165,social media agency accountant,Agency Accountant Services,0,4,"L, C",0,uk
165,accountancy seo agency,Agency Finance Essentials,0,4,"L, C",0,uk
160,accountancy ppc agency,Agency Finance Essentials,0,5,"L, C",0,uk
160,digital marketing agency for accountants,Agency Finance Essentials,10,,,0,uk
160,accounting for digital marketing agency,Agency Finance Essentials,10,,,0,uk
160,accountants seo agency,Agency Finance Essentials,10,,,0,uk
160,google agency account strategist salary,Salary and Dividends,10,,,0,uk
160,pr agency for accountants,Agency Finance Essentials,10,,,0,uk
160,agency accounting treatment,Agency Finance Essentials,10,,,0,uk
160,agency accounting software,Agency Finance Essentials,10,,,0,uk
155,accounting for digital marketing agencies,Agency Finance Essentials,0,1,I,0,uk
155,accounting software for advertising agency,Agency Finance Essentials,90,19,I,0,uk
155,agency accountants,Agency Accountant Services,10,8,"L, C",4.88,uk
155,accountant graphic design agency,Agency Finance Essentials,0,6,"L, C",0,uk
155,accountants design agencies,Agency Finance Essentials,0,6,"L, C",0,uk
150,accounting principles agency,Agency Finance Essentials,0,,,0,ae
150,accounting social media marketing agency,Agency Finance Essentials,0,,,0,ae
150,accounting web design agency,Agency Finance Essentials,0,,,0,ae
150,accounting ppc agency,Agency Finance Essentials,0,,,0,ae
150,debt recovery agencies accountants,Agency Finance Essentials,0,,,0,ae
150,accounting branding agency,Agency Finance Essentials,0,,,0,ae
150,accounting digital marketing agency,Agency Finance Essentials,0,,,0,ae
150,accounting seo agency,Agency Finance Essentials,0,,,0,ae
150,accounting ai & automation agency,Agency Finance Essentials,0,,,0,ae
150,accounting software for advertising agencies,Agency Finance Essentials,90,20,I,0,uk
150,home office agency and branch accounting,Agency Finance Essentials,0,,,0,uk
150,agency cost accounting theory,Agency Finance Essentials,0,,,0,uk
150,hays accountancy and finance agency,Agency Finance Essentials,0,,,0,uk
150,accounting regulatory agencies,Agency Finance Essentials,0,,,0,uk
150,need for accounting information by credit rating agencies,Agency Finance Essentials,0,,,0,uk
150,agency accounting method,Agency Finance Essentials,0,,,0,uk
150,agency account supervisor salary,Salary and Dividends,0,,,0,uk
150,media agency accounting software,Agency Finance Essentials,0,,,0,uk
150,advertising agencies leeds accountancy,Agency Finance Essentials,0,,,0,uk
150,alberta accountants unification agency,Agency Finance Essentials,0,,,0,uk
150,alberta accountants unification agency calgary,Agency Finance Essentials,0,,,0,uk
150,accountancy solutions agency,Agency Finance Essentials,0,,,0,uk
150,positive accounting theory agency costs,Agency Finance Essentials,0,,,0,uk
150,environment agency - michael frye senior specialist management accountant,Agency Finance Essentials,0,,,0,uk
150,salary for advertising agency account coordinator,Salary and Dividends,0,,,0,uk
150,accounting for agency nurses,Agency Finance Essentials,0,,,0,uk
150,accountant escort agency,Agency Finance Essentials,0,,,0,uk
150,accounting for agency nurse,Agency Finance Essentials,0,,,0,uk
150,agencies in london for accounting,Agency Finance Essentials,0,,,0,uk
150,regulatory agencies of the public accounting profession,Agency Finance Essentials,0,,,0,uk
150,senior accountant advertising agency,Agency Finance Essentials,0,,,0,uk
150,accrual versus cash basis accounting methods an agency theoretic comparison,Agency Finance Essentials,0,,,0,uk
150,accountants inc agency,Agency Finance Essentials,0,,,0,uk
150,accounting regulatory agencies in bangladesh,Agency Finance Essentials,0,,,0,uk
150,financial accounting for advertising agency,Agency Finance Essentials,0,,,0,uk
150,accounting services for media agency,Agency Finance Essentials,0,,,0,uk
150,accounting software for design agency,Agency Finance Essentials,0,,,0,uk
150,systems accountants agency,Agency Finance Essentials,0,,,0,uk
150,accounting for media agency,Agency Finance Essentials,0,,,0,uk
150,accountancy finance agencies,Agency Finance Essentials,0,,,0,uk
150,accounting and finance agencies birmingham,Agency Finance Essentials,0,,,0,uk
150,advertising agency accounting seminars,Agency Finance Essentials,0,,,0,uk
150,accountant for letting agency,Agency Accountant Services,0,,,0,uk
150,agency costs under positive accounting theory,Agency Finance Essentials,0,,,0,uk
150,accountant agency theorie,Agency Finance Essentials,0,,,0,uk
150,accountant agency 2014,Agency Finance Essentials,0,,,0,uk
150,what is agency accounting,Agency Finance Essentials,0,,,0,uk
150,agency relationship accounting theory,Agency Finance Essentials,0,,,0,uk
150,accountant agency dublin,Agency Finance Essentials,0,,,0,uk
150,seed agency accounting,Agency Finance Essentials,0,,,0,uk
150,graduate accountant agency,Agency Finance Essentials,0,,,0,uk
150,toturs agency for accountants,Agency Finance Essentials,0,,,0,uk
150,how does the agency problem affect accountants,Agency Finance Essentials,0,,,0,uk
150,agency location codes and accounting station addresses,Agency Finance Essentials,0,,,0,uk
150,agency commission accounting,Agency Finance Essentials,0,,,0,uk
150,security agency accounting,Agency Finance Essentials,0,,,0,uk
150,agency account coordinator salary,Salary and Dividends,0,,,0,uk
150,zimmerman agency account coordinator salary,Salary and Dividends,0,,,0,uk
150,agency problem in accounting,Agency Finance Essentials,0,,,0,uk
150,pr agency account coordinator salary,Salary and Dividends,0,,,0,uk
150,central intelligence agency accountant,Agency Accountant Services,0,,,0,uk
150,seo agency for accountants uk,Agency Finance Essentials,0,,,0,uk
150,agency agreement accounting,Agency Finance Essentials,0,,,0,uk
150,trainee accountant agency,Agency Finance Essentials,0,,,0,uk
150,arch accountancy and payroll agency ltd,Agency Finance Essentials,0,,,0,uk
150,environment agency michael frye senior specialist management accountant,Agency Finance Essentials,0,,,0,uk
150,letting agency accounting software,Agency Finance Essentials,0,,,0,uk
150,accounting software for web design agency,Agency Finance Essentials,0,,,0,uk
150,digital agency accountant,Agency Accountant Services,0,,,0,uk
150,accountant advertising agency,Agency Finance Essentials,0,,,0,uk
150,agency problem management accounting,Agency Finance Essentials,0,,,0,uk
150,accounting software for home health agencies,Agency Finance Essentials,0,,,0,uk
150,advertising agency accounting system,Agency Finance Essentials,0,,,0,uk
150,undisclosed agency accounting,Agency Finance Essentials,0,,,0,uk
150,accountant agency kent,Agency Finance Essentials,0,,,0,uk
150,mutual agency accounting,Agency Finance Essentials,0,,,0,uk
150,xero accounting pr agency,Agency Finance Essentials,0,,,0,uk
150,indigo accountancy ltd agency spalding,Incorporation and Structure,0,,,0,uk
150,web design agency accountant,Agency Accountant Services,0,,,0,uk
150,accountancy action agency,Agency Finance Essentials,0,,,0,uk
150,speed agency accounting,Agency Finance Essentials,0,,,0,uk
150,production accountant agency,Agency Finance Essentials,0,,,0,uk
150,arch accountancy & payroll agency ltd,Agency Finance Essentials,0,,,0,uk
145,accounting solutions for design and marketing agencies,Agency Finance Essentials,0,3,I,0,uk
145,accountant for for marketing agency,Agency Accountant Services,0,3,I,0,uk
145,accountant for agencies,Agency Accountant Services,40,11,I,5.68,uk
145,accountant boutique agency,Agency Finance Essentials,0,8,"L, C",0,uk
145,accountant for digital agencies,Agency Accountant Services,0,3,I,0,uk
145,accountant google ads agency,Agency Finance Essentials,0,3,I,0,uk
140,innovation marketing agency,Tax and Compliance,40,17,"L, C",0,uk
140,most innovative ad agencies,Tax and Compliance,10,6,I,0,uk
140,accountancy services for marketing agency,Agency Finance Essentials,0,9,"L, C",0,uk
140,accountant agency,Agency Finance Essentials,40,17,"L, C",2.34,uk
140,accounting system for advertising agency,Agency Finance Essentials,10,6,I,0,uk
140,accountant agency london,Agency Finance Essentials,10,11,"L, C",0,uk
140,accounting for agency transactions,Agency Finance Essentials,10,6,I,0,uk
140,accountancy web design agency,Agency Finance Essentials,0,4,I,0,uk
140,accountant branding agency,Agency Finance Essentials,0,9,"L, C",0,uk
140,pr agency accountant,Agency Accountant Services,0,9,"L, C",0,uk
140,accountancy google ads agency,Agency Finance Essentials,0,9,"L, C",0,uk
135,leisure marketing agency,Growth and Exit,30,16,"L, C",0,uk
135,accounting services for marketing agency,Agency Finance Essentials,0,10,"L, C",0,uk
135,home office branch and agency accounting,Agency Finance Essentials,10,7,I,0,uk
135,accounting for agency,Agency Finance Essentials,10,7,I,0,uk
135,accountant for finance agency,Agency Accountant Services,0,10,"L, C",0,uk
135,accountancy website design agency,Agency Finance Essentials,0,10,"L, C",0,uk
135,accountant website design agency,Agency Finance Essentials,0,5,I,0,uk
135,digital agency accountants,Agency Accountant Services,10,12,"L, C",0,uk
130,accountancy social media marketing agency,Agency Finance Essentials,0,11,"L, C",0,uk
125,accountancy graphic design agency,Agency Finance Essentials,0,12,"L, C",0,uk
120,marketing agency for accountants,Agency Finance Essentials,20,17,"L, C",4.02,uk
120,accounting software for creative agencies,Agency Finance Essentials,20,12,I,0,uk
120,accountants agency,Agency Finance Essentials,10,15,"L, C",0,uk
120,accounting principals agency,Agency Finance Essentials,10,10,I,0,uk
120,property agency accounting,Agency Finance Essentials,0,13,"L, C",0,uk
115,agency accountant,Agency Accountant Services,10,11,I,4.88,uk
110,letting agency accountants,Agency Accountant Services,0,15,"L, C",0,uk
110,accountancy web agency,Agency Finance Essentials,0,10,I,0,uk
105,accountant agencies,Agency Finance Essentials,10,13,I,0,uk
105,accountant internet marketing agency,Agency Finance Essentials,0,16,"L, C",0,uk
105,accountant social media marketing agency,Agency Finance Essentials,0,16,"L, C",0,uk
105,marketing agencies accounting,Agency Finance Essentials,0,16,"L, C",0,uk
100,accountancy web marketing agency,Agency Finance Essentials,0,12,I,0,uk
95,accounting marketing agency,Agency Finance Essentials,10,20,"L, C",3.23,uk
95,marketing agency accountant,Agency Accountant Services,10,20,"L, C",0,uk
95,accountants design agency,Agency Finance Essentials,0,18,"L, C",0,uk
90,innovative marketing companies,Tax and Compliance,20,23,"L, C",0,uk
90,most innovative marketing companies,Tax and Compliance,10,16,I,0,uk
90,accountant digital marketing agency,Agency Finance Essentials,10,16,I,0,uk
90,accounting website agency,Agency Finance Essentials,0,19,"L, C",0,uk
85,non profit creative agency,Agency Finance Essentials,50,33,"L, C",0,uk
85,innovative ad agency,Tax and Compliance,10,22,"L, C",0,uk
85,accountancy marketing agency,Agency Finance Essentials,0,20,"L, C",0,uk
80,accounting firm branding agency,Agency Finance Essentials,0,21,"L, C",0,ae
80,accountant online marketing agency,Agency Finance Essentials,0,16,I,0,uk
80,accountants marketing agencies,Agency Finance Essentials,0,21,"L, C",0,uk
80,accountancy digital marketing agency,Agency Finance Essentials,0,16,I,0,uk
80,accountancy internet marketing agency,Agency Finance Essentials,0,16,I,0,uk
80,accountancy online marketing agency,Agency Finance Essentials,0,16,I,0,uk
80,accountancy branding agency,Agency Finance Essentials,0,21,"L, C",0,uk
80,marketing agency accountants,Agency Accountant Services,0,21,"L, C",0,uk
75,selling seo services,Growth and Exit,10,19,I,0,uk
75,marketing agencies for accountants,Agency Finance Essentials,0,22,"L, C",0,uk
75,accountancy firm marketing agency,Agency Finance Essentials,0,22,"L, C",0,uk
70,innovation digital agency,Tax and Compliance,20,27,"L, C",0,uk
65,innovative advertising agency,Tax and Compliance,10,26,"L, C",0,uk
65,non-profit design agency,Agency Finance Essentials,10,26,"L, C",0,uk
65,accountant marketing agency,Agency Finance Essentials,10,21,I,3.23,uk
60,accounting firm marketing agency,Agency Finance Essentials,10,22,I,0,uk
55,non profit digital agency,Agency Finance Essentials,20,40,"L, C",0,uk
50,most innovative advertising agencies,Tax and Compliance,10,24,I,0,uk
50,accountant web marketing agency,Agency Finance Essentials,0,22,I,0,uk
50,accountant for online agencies,Agency Accountant Services,0,22,I,0,uk
45,innovative ad agencies,Tax and Compliance,10,31,"L, C",0,uk
45,innovative marketing firms,Tax and Compliance,10,32,"L, C",0,uk
25,agency accounting theory,Agency Finance Essentials,10,29,I,0,uk
20,accounting and corporate regulatory authority preceding agencies,Agency Finance Essentials,10,32,I,0,ae
