query,impressions,clicks,source
accountants for dentists,351,0,gsc
dental accountants,228,0,gsc
specialist dental accountants,221,0,gsc
nhs uda rates,110,3,gsc
specialist dental accountants london,108,0,gsc
accountant for dentists,79,0,gsc
dental accounting,71,0,gsc
dental practice valuation uk,69,0,gsc
dental accountants london,59,0,gsc
dentist accountants near me,43,0,gsc
accounting software for dental clinics,43,0,gsc
accounting for dentists,37,0,gsc
specialist accountants for dentists,36,0,gsc
selling a dental practice taxes,36,0,gsc
how much is my dental practice worth wales,35,0,gsc
dental accountant,34,0,gsc
uda value checker,33,1,gsc
selling a dental practice taxes manchester,30,0,gsc
how much is my dental practice worth uk,27,0,gsc
dental practice accountant,27,0,gsc
goodwill funding practice purchase,25,0,gsc
cloud accounting for dentists,25,0,gsc
how much do dental practices sell for uk,24,0,gsc
how much is my dental practice worth london,23,0,gsc
dentist accountants,20,0,gsc
specialist accountant for dentists,20,0,gsc
selling a dental practice taxes leeds,19,0,gsc
dental tax accountant london,19,0,gsc
dental practice accounting,18,0,gsc
selling a dental practice taxes london,17,0,gsc
selling a dental practice taxes birmingham,16,0,gsc
selling a dental practice taxes uk,15,0,gsc
selling a dental practice taxes wales,15,0,gsc
dental accountants manchester,14,0,gsc
accounting for dentist,14,0,gsc
what is uda in dentistry,14,0,gsc
uda rate,13,0,gsc
dental practice owner salary,12,0,gsc
what is a uda in dentistry,11,0,gsc
dental accountant wales,11,0,gsc
dental practice tax,10,0,gsc
dental practice valuation wales,10,0,gsc
xero dental accounting,10,0,gsc
dental practice valuation formula uk,9,0,gsc
specialist dental finance,9,0,gsc
how much does a dental practice owner make uk,9,0,gsc
dentist accountant,9,0,gsc
tax dental practice,9,0,gsc
dental practice accountants,7,0,gsc
dental accountants uk,7,0,gsc
dentist tax,7,0,gsc
what is a uda,7,0,gsc
dentist self employed or limited company,7,0,gsc
specialist dental accountant,7,0,gsc
dental practice valuation london,7,0,gsc
dental specialist finance,6,0,gsc
accountants for dentist,6,0,gsc
udas,6,0,gsc
how much is my dental practice worth leeds,6,0,gsc
dental practice xero,6,0,gsc
dental practice payroll,5,0,gsc
how much is 1 uda dental,5,0,gsc
dental practice goodwill values,5,0,gsc
accountants for dental practices,5,0,gsc
tax for dentists,5,0,gsc
dental practice owner salary uk,5,0,gsc
dental associate accountant,4,0,gsc
uda dental,4,0,gsc
dental specialists accountants,4,0,gsc
uk dental accountants,4,0,gsc
buying a dental practice checklist manchester,4,0,gsc
uda dentistry,4,0,gsc
uda finance,3,0,gsc
uda nursing,3,0,gsc
xero accountant for dentists,3,0,gsc
accountants for associate dentists,3,0,gsc
how many udas is band 2,3,0,gsc
how much do dental practice owners make,3,0,gsc
uda meaning medical,2,0,gsc
dentist owner salary,2,0,gsc
yes,2,0,gsc
dental uda,2,0,gsc
uda system,2,0,gsc
uda's,2,0,gsc
uda system dentistry,2,0,gsc
uda meaning dentistry,2,0,gsc
nhs dental contract uda,2,0,gsc
cpd allowance for dentists,2,0,gsc
accountants for dentist uk,2,0,gsc
uda,2,0,gsc
vat loan uk for dentists,2,0,gsc
associate dentist contract,2,0,gsc
dental financial,2,0,gsc
tax planning for dentists,2,0,gsc
nhs dental accountants,2,0,gsc
locum dentist accountants,2,0,gsc
med 2 form,2,0,gsc
goodwill dentist,2,0,gsc
dental tax,2,0,gsc
accountant for dentist,2,0,gsc
bda uda value checker,2,0,gsc
ebitda dental practices,2,0,gsc
target uda,2,0,gsc
private practice owner salary uk,2,0,gsc
tax dentist,2,0,gsc
tax tips for dentists,2,0,gsc
dentist+dividends,2,0,gsc
dentist xero,2,0,gsc
uda rates,2,0,gsc
how much does a dental practice owner make,2,0,gsc
dental practice finance uk,1,0,gsc
uda system explained,1,0,gsc
uda medical abbreviation,1,0,gsc
dental accountant cardiff,1,0,gsc
uk nhs dentist,1,0,gsc
dentist tax return,1,0,gsc
units of dental activity,1,0,gsc
pensions for dentists,1,0,gsc
dental associate accounting,1,0,gsc
accountants for dental practice,1,0,gsc
sole trader,1,0,gsc
pension advice for dentists,1,0,gsc
owner dentist salary,1,0,gsc
financial advisor for dentists,1,0,gsc
own company,1,0,gsc
uda in dentistry,1,0,gsc
uda in english,1,0,gsc
uda nhs,1,0,gsc
dental accountant fees,1,0,gsc
what is a uda in nursing,1,0,gsc
dental accountant london,1,0,gsc
what are udas in nursing,1,0,gsc
yes please,1,0,gsc
dental cpa firm,1,0,gsc
nhs dentist pension,1,0,gsc
uda do,1,0,gsc
uda payment,1,0,gsc
dental accounting firms,1,0,gsc
uda currency,1,0,gsc
dental accountants cheshire,1,0,gsc
dentist practice owner salary,1,0,gsc
nhs wales dental contract 2026,1,0,gsc
uda v,1,0,gsc
medical facilities capital allowance advisors,1,0,gsc
dentist nhs pension,1,0,gsc
uda meaning in nursing,1,0,gsc
what does uda mean,1,0,gsc
dental accountants south wales,1,0,gsc
clinic owner take home pay uk,1,0,gsc
private practice owner pay uk 2026,1,0,gsc
uda number,1,0,gsc
med form 2,1,0,gsc
uda contract,1,0,gsc
dental accountant near me,1,0,gsc
dental specialist accountants,1,0,gsc
bookkeeping software for dentists,1,0,gsc
dentists accountant,1,0,gsc
dental practice finance,1,0,gsc
dental practice income,1,0,gsc
dentist accounting software,1,0,gsc
my uda,1,0,gsc
define uda,1,0,gsc
dental associate agreement,1,0,gsc
financial advice for dentists,1,0,gsc
dental financial advisors,1,0,gsc
estimate take home pay,1,0,gsc
how much does it cost to set up a dental practice uk,1,0,gsc
dental cpa,1,0,gsc
give me an evaluation,1,0,gsc
dental associate contract,1,0,gsc
uda full form in office,1,0,gsc
how to value a dental practice goodwill,1,0,gsc
associate contract,1,0,gsc
what is this,1,0,gsc
nhs dental changes 2026 wales,1,0,gsc
uda bands,1,0,gsc
how much in uk,1,0,gsc
associate agreement,1,0,gsc
uda salary,1,0,gsc
sdr dental scotland,24,0,bing
dentistry compliance,17,0,bing
nhs dental charges 2026,13,0,bing
sdr scotland,10,0,bing
dental sdr scotland,7,0,bing
sdr determination 1,7,0,bing
nhs bands for dental treatment,7,0,bing
nhs dentist bands,7,0,bing
gds contract,6,0,bing
scottish dental remuneration,6,0,bing
uda,6,0,bing
nhs dental bands,6,0,bing
nhs dental charges,6,0,bing
dental compliance,6,0,bing
nhs dentist banding,5,0,bing
nhs perio band uda rate,4,0,bing
nhs uda,4,0,bing
dental bands nhs,4,0,bing
sdr scotland dental,4,1,bing
what do udas depend on in the uk,4,0,bing
statement of dental remuneration,4,0,bing
uda dentaal bands,4,0,bing
nhs dentist pension calculator,4,0,bing
nhs dental band,3,0,bing
how much is band 3 nhs dental treatment?,3,0,bing
nhs dentist pension scheme,3,0,bing
nhs dental band 2b periodontal,3,0,bing
band dental treatment,3,0,bing
sdr seniority,3,0,bing
nhs dentist band 3,3,0,bing
nhs dental bandings,3,0,bing
sdr dental scotland 2026 full document,3,0,bing
what is a uda rate,3,0,bing
understanding uda's dentistry nhs,3,0,bing
what is npe for dentistry,3,2,bing
band nhs dental,3,0,bing
nhs dental contracts wales april 2026,3,1,bing
nhs band ing dentist,3,0,bing
scottish sdr for patients,3,0,bing
nhs treatment bands,3,0,bing
nhs dental contracts wales,3,0,bing
pds agreement,3,0,bing
dentist superannuation uk,3,2,bing
nhs dental band charges,3,0,bing
how much is he reduced rte payment for dentists in scotland nhs,3,1,bing
band two dentist nhs plus dentures uk,3,0,bing
nhs dental fees exemptions,3,0,bing
nh s dentist tiers,3,0,bing
sdr scottish dental,3,0,bing
dental tax accountant london,3,0,bing
nhs current dentist band rates,3,0,bing
associate agreement,3,0,bing
scottish dental statement of dental remuneration,3,0,bing
band 2 nhs whats included dental,3,0,bing
scotland sdr,2,0,bing
dental goodwill lending,2,0,bing
what is the fd year for dentists in uk,2,0,bing
please give me details on pds contracts,2,0,bing
nhs wales dentistry contract changes,2,0,bing
scotissh sdr,2,0,bing
sdr scotland 2026,2,0,bing
nhs emergency band for dental treatment,2,0,bing
nhs denture repairs uda,2,1,bing
nhs band system dental,2,0,bing
band 1 nhs dental treatment,2,0,bing
pension sd510 nhs,2,0,bing
vat rate on dental,2,0,bing
sdr dental scotland 2025,2,0,bing
nhs band 3 dental treatment,2,0,bing
nhs sdr dental,2,0,bing
specialist dental accountants london,2,0,bing
how do you calculate the nhs superannuation for dentist,2,0,bing
dental tax calculator,2,1,bing
uda band dentistry bands and examples,2,0,bing
sdr dental nhs,2,0,bing
srd ddental renumeration,2,0,bing
vat number for uk dentistry?,2,0,bing
dentistry complience,2,0,bing
what does “uda” stand for in uk nhs dentistry?,2,0,bing
gds contracts,2,0,bing
nhs band 2 dental,2,0,bing
band 3 dental,2,0,bing
sdr scotlandf,2,0,bing
sdr comparison dental,2,0,bing
black book of tax deductible expenses for uk dentist in pdf,2,0,bing
recruitment and retention allowance nhs scotland dental,2,0,bing
how to decide whether to do assess and advice or band 1 treatment as an nhs dentist 2026,2,0,bing
nhs sdr scotlan,2,0,bing
band 3 charge nhs updated,2,0,bing
dental band 2c,2,0,bing
nhs dental charges band 1; 2 and 3,2,0,bing
bda agreement,2,0,bing
dentristy compliance,2,0,bing
most recents dental sdr,2,0,bing
uda system explained,2,0,bing
current cost of vat on dental equipment and tools,2,1,bing
scottish dental statement of remuneration 2026,2,0,bing
what percentage of dental practice rent do scotland nhs pay through allowances,2,0,bing
nhs dental treatment basnds,2,0,bing
bda uda rate,2,0,bing
sdr guidelines scotland,2,0,bing
nhs wales dental contract 2026 breakdown,2,0,bing
dental nhs bands,2,0,bing
nhs dental bands 2026,2,0,bing
is a associate dentist nhs pension relief at source or net pay arrangement,2,2,bing
how to calculate a dentists superannuation earnings,2,0,bing
detail band 3 selections,2,0,bing
scottish dental sdr,2,0,bing
dentist nhs banding,2,0,bing
nhs dental banding,2,0,bing
nhs bands dental treatment,2,0,bing
nhs uda bands,2,0,bing
standard dental remuneration scotland supervision of retention,2,1,bing
sdr reform scotland dental,2,0,bing
dentistry scotland items of service sdr,2,0,bing
how is a calender month considered according to new sdr dental  regulation,2,0,bing
band 2a dental,2,0,bing
how many uda in a band 2a,2,0,bing
nhs dentist pension contributions,2,0,bing
sdr scotlan dental,2,0,bing
dental associate+march payslip paid on first day of next tax year - can i include it in accounts,2,0,bing
dental uda value bands uk updat,2,0,bing
dental gds contraact,2,0,bing
nhs scot sdr,2,0,bing
njs scotland seniority for dentists,2,0,bing
how does associate dentist pay work in the private sector uk,2,1,bing
statement of dental renumeration,2,0,bing
"2a, 2b, 2c dental udas",2,0,bing
what are the terms for a pds dental contract,2,1,bing
dentistry dental compliance,2,0,bing
statement of dental remunaration 5b,2,0,bing
dental treatment bands,2,0,bing
nhs sdr,2,0,bing
dental finance london,2,0,bing
nhs treatment band 1.2 urgent,2,1,bing
uda band in dentally uk,2,0,bing
if i pay £27.90 for band a band one treatment then have a band 2 treatment the week after how much should i pay on nhs,2,0,bing
"if i am a dentist and do exempt vat treatments, i went over the vat treshold, i am self employed, do i need to registre with hmrc for vat?",2,0,bing
gds/pds performer fee,2,0,bing
nhs dental badning 2026,2,0,bing
uk dentistry vat number,2,0,bing
nhs dental net pensionable earnings calculation guidance,2,0,bing
sdr dental prescription,2,0,bing
nhs scotland sdr,2,0,bing
nhs dental level 1 2 3,2,0,bing
sdr codes scotland dental code,2,0,bing
calculation of pesnion nhs dentist,2,1,bing
dental compliance requirements,2,0,bing
band iii for dentsit,2,0,bing
statement of dental remuneration scotland,2,0,bing
dental practices exempt from vat,2,0,bing
nhs dentistry bands,2,0,bing
sdr remuneration,2,0,bing
who employs foundation dentists scotland,2,0,bing
dental deactuere band,2,0,bing
uda band for denture addition uk,2,0,bing
what counts as pensionable pay in the nhs,2,0,bing
nhs band denistry,2,0,bing
can unlicensed products be added to the statement of dental remuneration,2,0,bing
are urgent bands gy=uarateed for dental treatmeny,2,0,bing
nhs band 3 treatment bridge,2,0,bing
sdr dental scotland 2026,2,0,bing
nhs band fees,2,0,bing
what is a fairway to pay a dental associate when treating a denplan patient and providing a crown,2,0,bing
how many udas for denture repair,2,0,bing
foundation dentists salary support,2,1,bing
2026 nhs band 1 2 and 3 how long are you covered for after treatment for prostate cancer,2,0,bing
addition tooth enture band nhs,2,0,bing
nhs dentist bands explained,2,0,bing
notional uda nhs dental payment,2,0,bing
denistry compliance,2,0,bing
how do i report associate dentist income from off their payslips on the tax return,2,2,bing
nhs bandings nhs dental,2,0,bing
dentistry compliance' uk,2,0,bing
npe calculation,2,0,bing
nhs dentist treatment bands,2,0,bing
dentist providers pension rate per pension earnings for 2025 26,2,0,bing
orthodontic treatment banding,2,0,bing
what if a dentist takes part of their pension are they still eligible for superannuation and arr,2,2,bing
scottish dental statement of remuneration,2,0,bing
nhs dental contracts scotland,2,1,bing
dentist for pensioners,2,0,bing
scotland dental sdr,2,0,bing
dental contract guidance,2,0,bing
does orthodontists work on uda points,2,0,bing
bda model agreement,2,0,bing
nhs dentistry band 1,2,0,bing
nhs band 1 dental treatments lists,2,0,bing
uda form nhs,2,0,bing
dental remuneration scotland,2,0,bing
nhs uda cutoff,2,0,bing
nhs dental band 3,2,0,bing
ca you split pension across nhs and private sipp if annual allowance is not used by nhs pension,2,1,bing
dental complaiance,2,0,bing
nhs dentist ill health retirement,2,1,bing
remote and rural allowances dentistry scot6land,2,0,bing
dental payments team scotland,2,0,bing
band 3 udas,2,0,bing
sdr scottish dental - difference in std and enh codes of periodontal treatment,2,0,bing
sdr dental numerations,2,0,bing
nhs banding system dental,2,0,bing
uda's for denture adjustment,2,0,bing
what is uda rate dentist,2,0,bing
vat on dental surgery uk,2,0,bing
golden hello dentist scotland sdr,2,0,bing
sdr scottish dental remuneration,2,0,bing
uda allocation,2,0,bing
what is annual uda remuneration,2,1,bing
dentists in scotland fees,2,0,bing
foundation dentist salary 2025,2,1,bing
band 2 nhs dental charges,2,0,bing
dental compliance uk,2,0,bing
scottish sdr,2,0,bing
what is band 3 dental nhs treatement,2,0,bing
nss scotland latest sdr,2,0,bing
arr calculation for nhs dentists,2,0,bing
band 2 treatment nhs,2,0,bing
how many udas for denture repair new nhs,2,0,bing
nhs dental band 2,2,0,bing
nhs dentist recruitment and retention bonus scotland,2,0,bing
scottish dental renumeration,2,0,bing
sdr nhs scotland,2,0,bing
dentalscotland finance,1,0,bing
how much do patient pay for dental band nhs,1,0,bing
uda nhs premormed metal crown,1,0,bing
dental scotland finacne,1,0,bing
as a dentist if i claim an expense what percentage do i pay,1,1,bing
non compliance impact dental,1,0,bing
does a dental practice need to be vat registered,1,0,bing
dentist contracted uda,1,1,bing
nhs band b dental,1,1,bing
when is year end nhs dental issued,1,0,bing
pds vs ods,1,0,bing
dental - non compliant concequences,1,0,bing
dental treatment vat in uk,1,0,bing
the tier for ill health retirement we are to finalise her pension benefits under.,1,0,bing
can i claim vat back on dental material,1,0,bing
"""sole trader dentist"" ct2 7 uk",1,0,bing
cost of nhs dentures 2025,1,0,bing
what is the nhs criteria for band 3 for dental injuries,1,0,bing
what is a gds in terms of contracts,1,0,bing
uda upgardes for 1st june,1,0,bing
ar dental practices vat registered,1,0,bing
eap for foundation hyear dentists uk,1,0,bing
paid per uda,1,0,bing
nhs dental contract clawback in wales 2026,1,0,bing
what is the dental foundation trainee salary,1,1,bing
dentists remuneration scotland,1,1,bing
nhs gds dental contract,1,0,bing
what is the bda allowance,1,0,bing
what does this mean when buying a dentists last 3 years uda,1,0,bing
dor uda,1,0,bing
how to calulate dental net pensionable earnings,1,0,bing
do i need to register for vat as a dental sole practitioner,1,0,bing
are dental services exempt from vat,1,0,bing
nhs bsa payments to dentists per service charge nhs,1,0,bing
is dental web can be integrate in xero,1,0,bing
what band  is denture repair on nhs now,1,1,bing
foundarion dentist salary,1,0,bing
performers' superannuation contribution uk dentist,1,0,bing
nhs dental pension,1,0,bing
do dentists charge vat,1,0,bing
what is dental tax in uk,1,0,bing
bda scotland fees sdr scale of fees,1,0,bing
nhs dental tiers,1,0,bing
dental - non compliance consequences,1,0,bing
for which of the following are allowances claimable for an associate working in the gds,1,0,bing
compare berlin pds contract to simsbury pds contract,1,0,bing
tax relief on dental,1,0,bing
"""sole trader dentist"" ct20 3 uk",1,0,bing
nhs dentist pension contributions percentage,1,0,bing
how much tax does a dentist pay,1,0,bing
dental core trinae wales contract reform,1,1,bing
can a dentist be a partner on a gds contract if they are drawing their nhs pension?,1,0,bing
bda agreement uk,1,0,bing
orthodontic products vat,1,0,bing
trainee dentist pay,1,0,bing
dentist earning over 100k should he be registered for vat he works as a self employed,1,0,bing
uda band dentistry,1,0,bing
what are dividends in a small dental practice,1,0,bing
nhs uda bands 2026,1,0,bing
if you need to check for a specific uda value,1,0,bing
uda nhs,1,0,bing
is dental work a busines expensse for tax return,1,0,bing
what is a  uda in relaiton to nhs densitts role,1,0,bing
uch nhs patients banding,1,1,bing
nhs dentistry scotland sdr,1,0,bing
weston foundation difference between base salary and salary equested,1,0,bing
vat for dental,1,1,bing
uda dental contract,1,0,bing
nhs dental uda workout,1,0,bing
dental associate 50%,1,0,bing
nhs band system explained in dentistry and uda,1,0,bing
can a dentist claim the vat back on dental equipment,1,0,bing
bda model agreement tempalte updated,1,1,bing
band a uk ddntist,1,0,bing
uda standard finance context,1,0,bing
uda income,1,0,bing
dentist superannuation scheme,1,1,bing
hns band 2 dentist,1,0,bing
cqc accreditation fees where it will go in expense in uk accounting,1,0,bing
dental equipment financing uk vat,1,0,bing
contract for associate dentist in scotland for dentists,1,0,bing
national uda rate 2026/27,1,0,bing
dental gds contract,1,0,bing
nhs dentist pensioner,1,0,bing
bands nhs dentist,1,0,bing
hounslow dental practice uda rate foi,1,0,bing
nhs dental band 3 2026 uk,1,0,bing
3 price bands in the dentist,1,0,bing
pds gds,1,0,bing
how much profit does a dentist make when fitting implants,1,1,bing
ar dental preactices vat registered,1,0,bing
what is a tier 1 daf challenge in relation to dentists,1,0,bing
dental accountants uk,1,0,bing
self employed dental pensionable pay explained,1,0,bing
uda rate for emergencies,1,0,bing
nhs dentistry bands what do dentists receive from nhs,1,0,bing
what is a foundation dentist uk,1,0,bing
what is a uda in contract terms,1,0,bing
new minimum uda rate,1,0,bing
dental finance partners,1,0,bing
dental practice valuation uk,1,0,bing
adult/child registration payment for dentists in scotland,1,1,bing
clota activuty band,1,0,bing
dentistry services vat exempt,1,0,bing
can dentists travel,1,0,bing
dental contract reform wales 2026,1,0,bing
dental sdr,1,0,bing
how many udas for a filling,1,1,bing
can dentist work after the retirement age,1,0,bing
contracted uda,1,0,bing
dentist uda meaning,1,0,bing
do you pay vat on business water rates as a dental practice,1,1,bing
arr npe for compass please? twhat are these,1,0,bing
dentistry nhs wales new contract scenarios,1,1,bing
band 2 dental contributions,1,0,bing
uda rates,1,0,bing
udas uk dental,1,0,bing
does dental have vat,1,0,bing
typical costs opening up dental practice,1,1,bing
wales new dental changes,1,0,bing
dental groups & vat regulations,1,1,bing
nhs banding charges 2026 udas,1,0,bing
bda new dental contract wales how to pay associate dentist,1,0,bing
how to make the uda contract better for dentists,1,0,bing
dental band 1,1,0,bing
dentist bands,1,0,bing
3 uda means band 1 or band 2?,1,0,bing
do you pay vat on dental treatment ?,1,0,bing
nhs uda dental banding,1,1,bing
what are ods in contract,1,0,bing
dentist benefits on business vat,1,0,bing
is dentistry vat exempt,1,0,bing
uda monthly pay activity statement,1,0,bing
state pension nhs dentist fee,1,0,bing
band 1 dental nhs,1,0,bing
nhs uda schedule 2026,1,0,bing
compliance in denristry,1,0,bing
dental ods s,1,0,bing
do pension pay dentist nhs,1,0,bing
dentist treatment band,1,0,bing
how much accounts charge for the self employed account for associate dentist,1,0,bing
define uda allocation dental,1,0,bing
is supperannuation npe?,1,0,bing
dentists exempt from vat,1,0,bing
pds contract,1,0,bing
vat on rental income dentist,1,0,bing
does carestack dental software import to myob or xero and can it be reconciled to bank accounts?,1,0,bing
do dental providers have ods,1,0,bing
contract reform wales dental,1,0,bing
nhs dental band 1 treatment,1,0,bing
what is the value of 1 uda,1,2,bing
vat dentists,1,0,bing
new uda value nhs,1,1,bing
udas plus,1,0,bing
do you pay vat on dental charges,1,0,bing
multiple of profit for sake of dental practice in guer wey,1,0,bing
what is an dentist uda rate,1,0,bing
minimum uda value england,1,0,bing
udas for dentists per band,1,1,bing
minimum dental uda rate,1,1,bing
sdr dental scotland latest,1,0,bing
dental goodwill lending uk,1,0,bing
moving dental practice and gds contract,1,0,bing
what is an annual aggregated allowance,1,0,bing
dental practice accountants uk,1,1,bing
as a pensiner what a nhs covers for dentist?,1,0,bing
understanding a uda for madical,1,0,bing
dental uda contract year,1,0,bing
banding nhs dental,1,0,bing
black book of tax deducible expenses for uk dentists pdf,1,0,bing
dental prosthesis vat,1,0,bing
nhs wales dental contract 2026,1,0,bing
nhs dental fees 2026,1,0,bing
do i need to register for vat as a dental sole practitioner online,1,0,bing
categories uda,1,0,bing
how much is a uda worth to a dentist,1,0,bing
wales dental contract 2026,1,0,bing
wwat does uda stand for nhs dentist,1,0,bing
bands for dental work nhs,1,0,bing
foundatioon dentist nhs what can they claimon easy expenses,1,0,bing
nhs banding 26/27 udas emergency,1,1,bing
nhs wales dentistry lapsed timeline,1,0,bing
net pensionable earnings nhs,1,1,bing
can dental associates claim travel for cpd courses,1,0,bing
value of a uda,1,0,bing
gds in nhs,1,0,bing
vat on dental services uk,1,0,bing
financial expectations from nhs through dentistry udas,1,0,bing
how many udas can you get for a domiciliary care,1,1,bing
spernnauation contribution dentist,1,1,bing
udas,1,0,bing
are dental implants standard rated vat,1,1,bing
bda dental contract template,1,0,bing
tier 1 ill health pension vs tier 2,1,0,bing
private student loan for dental student uk,1,0,bing
nhs payment dental tiers,1,0,bing
how are commitment payments calculated in scotland dental,1,1,bing
is dental exempt of zero rated,1,0,bing
band 1 fee rates,1,0,bing
what is the expected gross and net profit % fro an owner operated dental lab in uk,1,0,bing
what is an nhs pds contract,1,0,bing
average profit of dentist praxctice owner,1,2,bing
how to claim dentist fees on arvia,1,0,bing
nhs dentistry clawback uda underdelivery england,1,1,bing
what is uda,1,0,bing
what is an nhs uda,1,0,bing
are dental practices vat registered?,1,1,bing
pds specialist clinic cover,1,0,bing
urgent treatment band,1,1,bing
nhs superannuation for dentists,1,0,bing
sdr nhs cotland,1,0,bing
average uda rate for dental practice,1,1,bing
which uk dental services could give rise to the need to register for vat,1,0,bing
statement dental renumeration,1,0,bing
"""sole trader dentist"" ct2 9 uk",1,0,bing
nhs repayments and udas dentistry topic,1,0,bing
do.you.have to.pay vat on dental.work,1,0,bing
bands in dentistry,1,0,bing
associate supperannution payments,1,0,bing
cqc accreditation where it will go in expense in uk account,1,0,bing
"""sole trader dentist"" ct3 1 uk",1,0,bing
nhs dental treatment bands,1,0,bing
orthodontic pds contract,1,0,bing
dental accountants,1,0,bing
band21 nhs dental treatment,1,0,bing
what are the nhs bans in dentistry include,1,0,bing
npe dental means,1,0,bing
arr superannuation,1,0,bing
dental activity bands,1,0,bing
dds pension,1,0,bing
uda band 2a,1,0,bing
how much can you claim back on courses as a dentist on tax,1,0,bing
gds/pds regulations in dentistry,1,0,bing
are dental products exempt from vat,1,0,bing
dental foundation training salary 26/27,1,1,bing
band 2c nhs dental treatment,1,1,bing
nhs dentist pension contributions rates,1,0,bing
nhs band treatment dental,1,0,bing
when do the uda's increase for denture repairs june 2026 year,1,1,bing
nhsdental  band treatment,1,0,bing
pract ice profits,1,0,bing
are there still nhs bandings for detal treatment,1,0,bing
dental associates+are local dental committee contributions tax deductible,1,0,bing
nhs uda denatl band costs,1,0,bing
if you need to check for a specific uda value what should you do,1,0,bing
what is nhs pension contribution dental foundatoion training,1,0,bing
is there vat on private dental,1,0,bing
what is a fixed price clearly defined dental contract definition,1,0,bing
nhs bands dentist,1,0,bing
payout udas,1,0,bing
redident contract reform wales dental trainee,1,0,bing
nhs dental pay bands,1,0,bing
can retired dentist work,1,1,bing
nhs pension deductions dentistry uk,1,0,bing
what costs will i incur as a private sole trader dentist,1,1,bing
how to present profitability of a dental practice uk,1,1,bing
difference between employed dentist vs self employed in uk,1,1,bing
taking nhs payments for dental referrals process,1,1,bing
if you pay band 1 on first dental apt but then need more treatment on band 2 and it gets booked in do you just pay the difference on next apt,1,1,bing
band 3 uda,1,1,bing
what do bands courses of treatment mean nhs dental,1,0,bing
business rates dental scotland,1,1,bing
band 3 nhs dentistry uda,1,0,bing
dentristry compliance,1,0,bing
what is uda nhs,1,0,bing
can pds contracts be  created for iom,1,0,bing
dental contracts advice cpds,1,1,bing
nhs superannuation for dentists fully deductible for tax purposes,1,1,bing
how much uda a dental practice can get in nhs uk dental,1,0,bing
dentist earning over 100k should he be registered for vat,1,0,bing
nhs pension for dentists?,1,0,bing
uda accounting,1,0,bing
"band 2: £75.30 - includes all treatment covered by band 1, plus additional treatments such as fillings, extractions, and scaling.",1,0,bing
uk nhs the item code (code as per  the sdr) of the rule being  assessed.,1,0,bing
wales nhs dental care funding and regulation,1,0,bing
are dentists vat exempt,1,0,bing
nhs dentist charges,1,0,bing
uda value new nhs contract,1,0,bing
insurance cost uda,1,0,bing
dentists and vat,1,1,bing
superannuation tiers dental 2026,1,0,bing
do you pay vat on private dental,1,0,bing
sdr items of service,1,1,bing
bda guidance for associates,1,0,bing
what is the average nhs dental practice valuation formula,1,1,bing
a\uda,1,0,bing
band one nhs dental charge,1,0,bing
practiced gds/pds agreement,1,0,bing
dental statement of remuneration,1,0,bing
band 2 dental nhs,1,0,bing
pension dental insurance,1,0,bing
dentistry complioajce uk,1,0,bing
extra sessions nhs dentist can this go against npe,1,0,bing
dental expenses tax deductible,1,0,bing
cardiff has udas on nhs,1,0,bing
dentis bands,1,0,bing
scotland sdr changes 2025,1,0,bing
wales dental contract 2026 care packages,1,0,bing
are dental hygienist exempt from vat,1,0,bing
is there vat on dentistry,1,0,bing
"units of dental activity (nhs dentistry)#N#in the context of uk dentistry, a uda (unit of dental activity) is a measure used by nhs england to quantify dental work completed by dentists in nhs practices #N##N#ldc.org.uk#N#. dentists are allocated a certain number of udas each year, and different treatments consume different numbers of udas:#N##N#band 1 treatments (e.g., check-ups, simple cleanings) use 1 uda.#N#band 2 treatments (e.g., fillings, extractions) use 3 udas, with subdivisions:#N#band 2a: 3 udas#N#band 2b: 5 udas (non-molar endodontics or multiple teeth treatments)#N#band 2c: 7 udas (molar endodontics)#N#band 3 treatments (e.g., dentures, crowns) use 12 udas #N##N#ldc.org.uk#N#.#N#dentists report udas for each course of treatment rather than individual procedures. the uda system affects dentist remuneration, with rates varying by region, practice type, and private/nhs mix, typically ranging around £14–£15 per uda in 2025–2026 #N##N#elev8searchgroup.co.uk#N#. recent contract changes aim to improve payments for complex care, preventive treatments, and unscheduled care while gradually phasing out the uda system",1,0,bing
nhs banding dental,1,0,bing
paye locum dental nursing,1,0,bing
what is the charge for bnd two dental treatment charges,1,0,bing
nhs uda banding 1 3 7 12,1,1,bing
what percentage of slary should a dentist save into a penion,1,2,bing
vat dentist,1,0,bing
what uda can i claim if tooth already extracted but planned treatment,1,0,bing
are dentists expenses vat exempt,1,0,bing
uda cost meaning,1,0,bing
band one nhs dental,1,0,bing
band 3 nhs dental treatment,1,0,bing
dental uda schedule 2627,1,0,bing
performers' superannuation contribution uk dentistry,1,0,bing
danner dentistry personal tax,1,0,bing
how is gds different from ods,1,0,bing
vat on dental services,1,0,bing
nhs dental band 2 treatment,1,0,bing
nhs dentistry band 2,1,0,bing
dda compliance dentistry explanation,1,0,bing
what is the expected gross and net profit % fro an owner operated dental lab producing prosteses in uk,1,0,bing
gds meaning nhs,1,0,bing
ods nhs pd may 2026,1,1,bing
band 2b dental,1,1,bing
nhs dental chrages,1,0,bing
do dental bills include vat,1,0,bing
what uda value does a dentist get for nhs exam & fluoride application,1,1,bing
is dental wallet can be connected in xero?,1,0,bing
dentisat vat exempt,1,0,bing
nhs wales dental care funding regulation,1,1,bing
nhs dental work lahment bands,1,0,bing
superannuation fees due date for dentist nhs uk,1,0,bing
what are the cis codes for dentistry services vat exempt,1,0,bing
dental uda bands - for dentists,1,0,bing
nhs wales dental regulations 2026,1,0,bing
vat on dentisty,1,0,bing
dental compass how to calculate npe,1,0,bing
nhs dentist arr npe return,1,0,bing
should dentists register for vat,1,0,bing
what does this mean when buying a dentist last 3 years' uda,1,0,bing
dentist vat exempt,1,0,bing
dental pension staremnet,1,0,bing
uda values,1,0,bing
vat rules for dental practices rules and regulations,1,0,bing
what is dentist providers pension rate per pension earnings for 2025 26,1,0,bing
dental associates+are ldc contributions tax deductible,1,0,bing
"""sole trader dentist"" ct7 0 uk",1,0,bing
